id,label,duration_s,n_spans,span_seconds,span_frac,frames_in_span_of8,n_words,empty_text,target,s0_valsel_vote,s0_valsel_pred,s0_valsel_err,s0_valsel_purity_true,s0_valsel_top1_sim,s0_valsel_top1_correct,s0_valsel_first_correct_rank,s0_valsel_wpurity_true,s0_valsel_head_img_pred,s0_valsel_head_txt_pred,s0_final_vote,s0_final_pred,s0_final_err,s0_final_purity_true,s0_final_top1_sim,s0_final_top1_correct,s0_final_first_correct_rank,s0_final_wpurity_true,s0_final_head_img_pred,s0_final_head_txt_pred,s1_valsel_vote,s1_valsel_pred,s1_valsel_err,s1_valsel_purity_true,s1_valsel_top1_sim,s1_valsel_top1_correct,s1_valsel_first_correct_rank,s1_valsel_wpurity_true,s1_valsel_head_img_pred,s1_valsel_head_txt_pred,s1_final_vote,s1_final_pred,s1_final_err,s1_final_purity_true,s1_final_top1_sim,s1_final_top1_correct,s1_final_first_correct_rank,s1_final_wpurity_true,s1_final_head_img_pred,s1_final_head_txt_pred,s2_valsel_vote,s2_valsel_pred,s2_valsel_err,s2_valsel_purity_true,s2_valsel_top1_sim,s2_valsel_top1_correct,s2_valsel_first_correct_rank,s2_valsel_wpurity_true,s2_valsel_head_img_pred,s2_valsel_head_txt_pred,s2_final_vote,s2_final_pred,s2_final_err,s2_final_purity_true,s2_final_top1_sim,s2_final_top1_correct,s2_final_first_correct_rank,s2_final_wpurity_true,s2_final_head_img_pred,s2_final_head_txt_pred,raw_img_pred,raw_txt_pred,raw_img_vote,raw_txt_vote,n_err_final_3seed,n_err_valsel_3seed
hate_video_1,1,94.998,1,60.0,0.6316,4,0,1,Blacks,-0.646616,0,1,0.25,0.999424,0,2,0.1762,1,0,-0.599073,0,1,0.15,0.999716,0,3,0.2,1,0,-0.476027,0,1,0.2,0.999901,0,3,0.2619,1,0,-0.589518,0,1,0.15,0.999781,0,2,0.2048,1,0,-0.825284,0,1,0.15,0.999562,0,10,0.0857,1,0,-0.825284,0,1,0.15,0.999562,0,10,0.0857,1,0,1,1,0.53626,0.095832,3,3
non_hate_video_4,0,32.28,0,0,0.0,,0,1,Blacks,-0.999921,0,0,1.0,0.999945,1,1,1.0,0,0,-0.99997,0,0,1.0,0.999978,1,1,1.0,0,0,-0.704709,0,0,0.9,0.99995,0,2,0.8524,1,0,-0.99997,0,0,1.0,0.999982,1,1,1.0,0,0,-0.999959,0,0,1.0,0.999982,1,1,1.0,0,0,-0.999959,0,0,1.0,0.999982,1,1,1.0,0,0,1,0,0.058777,-0.64469,0,0
non_hate_video_8,0,19.272,0,0,0.0,,0,1,Others,-0.999943,0,0,1.0,0.999966,1,1,1.0,1,0,-0.999978,0,0,1.0,0.999985,1,1,1.0,1,0,-0.999951,0,0,1.0,0.999969,1,1,1.0,1,0,-0.999977,0,0,1.0,0.999985,1,1,1.0,1,0,-0.999979,0,0,1.0,0.999988,1,1,1.0,1,0,-0.999979,0,0,1.0,0.999988,1,1,1.0,1,0,1,0,0.46296,-0.860811,0,0
hate_video_10,1,38.455,1,38.0,0.9882,7,4,0,Blacks,-0.551153,0,1,0.2,0.999226,0,2,0.2238,1,0,-0.665732,0,1,0.15,0.999797,0,5,0.1667,1,0,-0.456911,0,1,0.2,0.999778,1,1,0.2714,1,0,-0.637218,0,1,0.15,0.999637,0,5,0.181,1,0,-0.758896,0,1,0.1,0.999517,0,6,0.119,1,0,-0.758896,0,1,0.1,0.999517,0,6,0.119,1,0,1,1,0.88732,0.052891,3,3
hate_video_12,1,188.815,1,60.0,0.3178,2,145,0,Blacks,-0.780735,0,1,0.1,0.999845,0,7,0.1095,1,0,-0.818925,0,1,0.1,0.999936,0,7,0.0905,1,0,-0.999867,0,1,0.0,0.999921,0,0,0.0,1,0,-0.780833,0,1,0.15,0.999959,0,4,0.1095,1,0,-0.875987,0,1,0.1,0.99993,0,9,0.0619,1,0,-0.875987,0,1,0.1,0.99993,0,9,0.0619,1,0,1,1,0.233798,0.018108,3,3
non_hate_video_11,0,118.123,0,0,0.0,,130,0,Blacks,-0.999964,0,0,1.0,0.99998,1,1,1.0,0,0,-0.999987,0,0,1.0,0.999992,1,1,1.0,0,0,-0.999961,0,0,1.0,0.999978,1,1,1.0,0,0,-0.999984,0,0,1.0,0.99999,1,1,1.0,0,0,-0.999988,0,0,1.0,0.999992,1,1,1.0,0,0,-0.999988,0,0,1.0,0.999992,1,1,1.0,0,0,0,0,-0.641709,-0.729083,0,0
non_hate_video_16,0,68.303,0,0,0.0,,156,0,Blacks,0.496871,1,1,0.25,0.998628,0,2,0.2476,0,1,0.314671,1,1,0.3,0.996758,0,2,0.3381,0,1,0.326977,1,1,0.25,0.999578,0,2,0.3333,0,1,0.503663,1,1,0.3,0.999837,0,4,0.2476,0,1,0.417593,1,1,0.2,0.999898,1,1,0.2905,0,1,0.417593,1,1,0.2,0.999898,1,1,0.2905,0,1,0,1,-0.510699,0.68823,3,3
non_hate_video_20,0,191.913,0,0,0.0,,484,0,Blacks,-0.827916,0,0,0.85,0.999849,1,1,0.9143,0,0,-0.590159,0,0,0.8,0.999929,1,1,0.7952,0,0,-0.723488,0,0,0.7,0.999883,1,1,0.8619,0,0,-0.88537,0,0,0.85,0.999852,1,1,0.9429,0,0,-0.729617,0,0,0.8,0.999382,1,1,0.8667,0,0,-0.729617,0,0,0.8,0.999382,1,1,0.8667,0,0,0,1,-0.252082,0.100371,0,0
non_hate_video_21,0,41.036,0,0,0.0,,54,0,Blacks,-0.662642,0,0,0.8,0.998927,1,1,0.8333,0,0,-0.732576,0,0,0.85,0.999681,1,1,0.8667,0,0,0.04775,1,1,0.55,0.99978,0,5,0.4762,0,0,-0.608726,0,0,0.85,0.999862,0,2,0.8048,0,0,-0.785302,0,0,0.85,0.999245,1,1,0.8952,0,0,-0.785302,0,0,0.85,0.999245,1,1,0.8952,0,0,0,1,-0.608923,0.240713,0,1
non_hate_video_22,0,20.517,0,0,0.0,,4,0,,-0.99992,0,0,1.0,0.999961,1,1,1.0,0,0,-0.999955,0,0,1.0,0.999977,1,1,1.0,0,0,-0.999954,0,0,1.0,0.999964,1,1,1.0,0,0,-0.847583,0,0,0.95,0.999989,1,1,0.9238,0,0,-0.876154,0,0,0.95,0.999985,1,1,0.9381,0,0,-0.876154,0,0,0.95,0.999985,1,1,0.9381,0,0,0,0,-0.342938,-0.660677,0,0
non_hate_video_23,0,51.944,0,0,0.0,,27,0,Blacks,-0.999971,0,0,1.0,0.999975,1,1,1.0,0,0,-0.999988,0,0,1.0,0.999992,1,1,1.0,0,0,-0.999956,0,0,1.0,0.999969,1,1,1.0,1,0,-0.999986,0,0,1.0,0.999991,1,1,1.0,0,0,-0.999989,0,0,1.0,0.999991,1,1,1.0,0,0,-0.999989,0,0,1.0,0.999991,1,1,1.0,0,0,1,0,0.130663,-0.53473,0,0
non_hate_video_32,0,210.34,0,0,0.0,,176,0,Blacks,0.990442,1,1,0.05,0.999977,0,20,0.0048,1,1,0.847591,1,1,0.1,0.999978,0,9,0.0762,1,1,0.933265,1,1,0.05,0.999965,0,14,0.0333,1,1,0.885684,1,1,0.05,0.999979,0,9,0.0571,1,1,0.99998,1,1,0.0,0.999988,0,0,0.0,1,1,0.99998,1,1,0.0,0.999988,0,0,0.0,1,1,1,1,0.901552,0.951175,3,3
hate_video_23,1,179.653,1,155.0,0.8628,7,119,0,Blacks,0.990437,1,0,0.95,0.999967,1,1,0.9952,1,1,0.904734,1,0,0.95,0.999982,1,1,0.9524,1,1,0.999893,1,0,1.0,0.99993,1,1,1.0,1,1,0.999962,1,0,1.0,0.999979,1,1,1.0,1,1,0.857128,1,0,0.95,0.999988,1,1,0.9286,1,1,0.857128,1,0,0.95,0.999988,1,1,0.9286,1,1,1,1,0.726094,0.840595,0,0
non_hate_video_35,0,172.428,0,0,0.0,,236,0,Blacks,-0.866215,0,0,0.8,0.999742,1,1,0.9333,1,0,-0.999852,0,0,1.0,0.999897,1,1,1.0,1,0,-0.495046,0,0,0.8,0.999772,1,1,0.7476,1,0,-0.837961,0,0,0.9,0.999934,1,1,0.919,1,0,-0.837238,0,0,0.9,0.999814,1,1,0.919,1,0,-0.837238,0,0,0.9,0.999814,1,1,0.919,1,0,1,1,0.056556,0.283789,0,0
hate_video_25,1,191.16,1,167.0,0.8736,6,468,0,Blacks,0.628051,1,0,0.8,0.999826,1,1,0.8143,1,1,0.570688,1,0,0.8,0.999818,1,1,0.7857,1,1,0.672377,1,0,0.8,0.998863,1,1,0.8381,1,1,0.808532,1,0,0.9,0.999839,1,1,0.9048,1,1,0.799814,1,0,0.9,0.999915,1,1,0.9,1,1,0.799814,1,0,0.9,0.999915,1,1,0.9,1,1,1,1,0.880192,0.742211,0,0
non_hate_video_51,0,85.282,0,0,0.0,,269,0,Others,-0.999981,0,0,1.0,0.999991,1,1,1.0,0,0,-0.999991,0,0,1.0,0.999997,1,1,1.0,0,0,-0.999969,0,0,1.0,0.999977,1,1,1.0,0,0,-0.999991,0,0,1.0,0.999994,1,1,1.0,0,0,-0.999995,0,0,1.0,0.999997,1,1,1.0,0,0,-0.999995,0,0,1.0,0.999997,1,1,1.0,0,0,0,0,-0.560682,-0.831711,0,0
non_hate_video_53,0,50.222,0,0,0.0,,0,1,Others,-0.999951,0,0,1.0,0.999975,1,1,1.0,0,0,-0.999979,0,0,1.0,0.99999,1,1,1.0,0,0,-0.99995,0,0,1.0,0.99997,1,1,1.0,0,0,-0.971398,0,0,0.95,0.999991,1,1,0.9857,0,0,-0.895198,0,0,0.95,0.999977,1,1,0.9476,0,0,-0.895198,0,0,0.95,0.999977,1,1,0.9476,0,0,0,0,-0.851928,-0.936839,0,0
hate_video_36,1,24.405,1,17.0,0.6966,4,20,0,Blacks,-0.99997,0,1,0.0,0.999979,0,0,0.0,0,0,-0.999989,0,1,0.0,0.999993,0,0,0.0,0,0,-0.999962,0,1,0.0,0.999967,0,0,0.0,0,0,-0.999988,0,1,0.0,0.999994,0,0,0.0,0,0,-0.999991,0,1,0.0,0.999994,0,0,0.0,0,0,-0.999991,0,1,0.0,0.999994,0,0,0.0,0,0,0,0,-0.473143,-0.71205,3,3
hate_video_44,1,296.337,1,289.0,0.9752,7,154,0,Blacks,0.6824,1,0,0.85,0.999037,1,1,0.8429,1,1,0.415367,1,0,0.75,0.999154,1,1,0.7095,1,1,0.653634,1,0,0.8,0.998631,1,1,0.8286,1,1,0.387004,1,0,0.75,0.999797,0,2,0.6952,1,1,0.875814,1,0,0.95,0.999924,1,1,0.9381,1,1,0.875814,1,0,0.95,0.999924,1,1,0.9381,1,1,1,1,0.384634,0.600055,0,0
hate_video_45,1,130.729,1,129.0,0.9868,7,223,0,Blacks,0.837932,1,0,0.95,0.999911,1,1,0.919,0,1,0.999782,1,0,1.0,0.99994,1,1,1.0,0,1,0.666273,1,0,0.9,0.999804,1,1,0.8333,0,1,0.999839,1,0,1.0,0.999939,1,1,1.0,0,1,0.999953,1,0,1.0,0.999975,1,1,1.0,0,1,0.999953,1,0,1.0,0.999975,1,1,1.0,0,1,0,1,-0.250678,0.871455,0,0
non_hate_video_63,0,90.1,0,0,0.0,,1,1,Others,-0.999952,0,0,1.0,0.999968,1,1,1.0,0,0,-0.999982,0,0,1.0,0.999989,1,1,1.0,0,0,-0.999953,0,0,1.0,0.999962,1,1,1.0,0,0,-0.999973,0,0,1.0,0.999983,1,1,1.0,0,0,-0.999979,0,0,1.0,0.999986,1,1,1.0,0,0,-0.999979,0,0,1.0,0.999986,1,1,1.0,0,0,0,0,-0.131115,-0.904473,0,0
hate_video_53,1,181.07,9,73.0,0.4032,5,324,0,"Blacks,Jews",0.952339,1,0,0.95,0.999964,1,1,0.9762,1,1,0.999945,1,0,1.0,0.999957,1,1,1.0,1,1,0.99981,1,0,1.0,0.999961,1,1,1.0,1,1,0.999951,1,0,1.0,0.999974,1,1,1.0,1,1,0.971403,1,0,0.95,0.999984,1,1,0.9857,1,1,0.971403,1,0,0.95,0.999984,1,1,0.9857,1,1,1,1,0.893268,0.979473,0,0
hate_video_54,1,182.059,7,77.0,0.4229,3,89,0,Blacks,0.999951,1,0,1.0,0.999968,1,1,1.0,1,1,0.999954,1,0,1.0,0.999974,1,1,1.0,1,1,0.999883,1,0,1.0,0.999906,1,1,1.0,1,1,0.933299,1,0,0.95,0.999983,1,1,0.9667,1,1,0.999978,1,0,1.0,0.999986,1,1,1.0,1,1,0.999978,1,0,1.0,0.999986,1,1,1.0,1,1,1,1,0.434045,0.898982,0,0
non_hate_video_71,0,4.749,0,0,0.0,,2,0,Others,-0.999956,0,0,1.0,0.999969,1,1,1.0,0,0,-0.999973,0,0,1.0,0.999983,1,1,1.0,0,0,-0.999952,0,0,1.0,0.999972,1,1,1.0,0,0,-0.999975,0,0,1.0,0.999991,1,1,1.0,0,0,-0.999974,0,0,1.0,0.999991,1,1,1.0,0,0,-0.999974,0,0,1.0,0.999991,1,1,1.0,0,0,0,0,-0.445091,-0.851347,0,0
non_hate_video_72,0,432.933,0,0,0.0,,331,0,Blacks,-0.790202,0,0,0.9,0.999849,1,1,0.8952,1,0,-0.914111,0,0,0.9,0.999945,1,1,0.9571,0,0,-0.495113,0,0,0.8,0.999904,0,2,0.7476,0,0,-0.914057,0,0,0.9,0.99991,1,1,0.9571,0,0,-0.692824,0,0,0.9,0.999832,1,1,0.8476,0,0,-0.692824,0,0,0.9,0.999832,1,1,0.8476,0,0,0,1,-0.343601,0.240153,0,0
non_hate_video_82,0,20.886,0,0,0.0,,2,0,Others,-0.999941,0,0,1.0,0.999961,1,1,1.0,0,0,-0.999973,0,0,1.0,0.999982,1,1,1.0,0,0,-0.876139,0,0,0.9,0.999964,1,1,0.9381,0,0,-0.999966,0,0,1.0,0.999985,1,1,1.0,0,0,-0.999955,0,0,1.0,0.99998,1,1,1.0,0,0,-0.999955,0,0,1.0,0.99998,1,1,1.0,0,0,0,0,-0.626287,-0.939052,0,0
non_hate_video_84,0,103.76,0,0,0.0,,293,0,Others,-0.999972,0,0,1.0,0.999984,1,1,1.0,0,0,-0.999987,0,0,1.0,0.999991,1,1,1.0,0,0,-0.999966,0,0,1.0,0.999977,1,1,1.0,0,0,-0.999987,0,0,1.0,0.999993,1,1,1.0,0,0,-0.999989,0,0,1.0,0.999995,1,1,1.0,0,0,-0.999989,0,0,1.0,0.999995,1,1,1.0,0,0,0,0,-0.940242,-0.90959,0,0
non_hate_video_94,0,130.402,0,0,0.0,,266,0,Others,-0.999976,0,0,1.0,0.999993,1,1,1.0,0,0,-0.99999,0,0,1.0,0.999997,1,1,1.0,0,0,-0.999966,0,0,1.0,0.999979,1,1,1.0,0,0,-0.999981,0,0,1.0,0.999996,1,1,1.0,0,0,-0.999993,0,0,1.0,0.999998,1,1,1.0,0,0,-0.999993,0,0,1.0,0.999998,1,1,1.0,0,0,0,0,-0.54405,-0.918002,0,0
hate_video_71,1,179.8,2,101.0,0.5617,4,22,0,Jews,-0.85703,0,1,0.05,0.999908,0,6,0.0714,1,0,-0.999941,0,1,0.0,0.999964,0,0,0.0,1,0,-0.761835,0,1,0.1,0.999919,0,7,0.119,1,0,-0.866618,0,1,0.1,0.999963,0,10,0.0667,1,0,-0.838001,0,1,0.1,0.999959,0,9,0.081,0,0,-0.838001,0,1,0.1,0.999959,0,9,0.081,0,0,1,0,0.229744,-0.104026,3,3
non_hate_video_115,0,11.812,0,0,0.0,,1,1,Others,-0.809328,0,0,0.95,0.999918,0,2,0.9048,0,0,-0.999945,0,0,1.0,0.999988,1,1,1.0,0,0,-0.809455,0,0,0.9,0.999944,1,1,0.9048,0,0,-0.838043,0,0,0.9,0.999986,1,1,0.919,0,0,-0.809387,0,0,0.9,0.999969,1,1,0.9048,0,0,-0.809387,0,0,0.9,0.999969,1,1,0.9048,0,0,0,0,-0.838837,-0.966894,0,0
non_hate_video_119,0,14.78,0,0,0.0,,0,1,Others,-0.999938,0,0,1.0,0.999963,1,1,1.0,0,0,-0.999976,0,0,1.0,0.999987,1,1,1.0,0,0,-0.99995,0,0,1.0,0.999963,1,1,1.0,0,0,-0.999965,0,0,1.0,0.999983,1,1,1.0,0,0,-0.999969,0,0,1.0,0.999988,1,1,1.0,0,0,-0.999969,0,0,1.0,0.999988,1,1,1.0,0,0,0,0,-0.63532,-0.937251,0,0
non_hate_video_120,0,139.516,0,0,0.0,,332,0,Others,-0.999976,0,0,1.0,0.999985,1,1,1.0,0,0,-0.999989,0,0,1.0,0.999994,1,1,1.0,0,0,-0.999962,0,0,1.0,0.99997,1,1,1.0,0,0,-0.999986,0,0,1.0,0.999992,1,1,1.0,0,0,-0.999991,0,0,1.0,0.999994,1,1,1.0,0,0,-0.999991,0,0,1.0,0.999994,1,1,1.0,0,0,1,0,0.160322,-0.638576,0,0
non_hate_video_121,0,82.839,0,0,0.0,,167,0,Others,0.095611,1,1,0.5,0.99635,1,1,0.4524,1,0,0.117313,1,1,0.55,0.999267,0,2,0.4429,1,1,-0.380796,0,0,0.6,0.999766,1,1,0.6905,1,0,0.381221,1,1,0.4,0.999682,0,5,0.3095,1,1,-0.747807,0,0,0.8,0.999581,1,1,0.8762,1,0,-0.747807,0,0,0.8,0.999581,1,1,0.8762,1,0,1,1,0.248847,0.098502,2,1
non_hate_video_127,0,170.034,0,0,0.0,,24,0,Others,-0.475392,0,0,0.8,0.999319,0,2,0.7381,1,0,-0.446923,0,0,0.8,0.999658,0,2,0.7238,1,0,-0.418839,0,0,0.7,0.999821,1,1,0.7095,1,0,-0.266392,0,0,0.75,0.999853,0,2,0.6333,1,0,-0.552047,0,0,0.8,0.999609,1,1,0.7762,1,0,-0.552047,0,0,0.8,0.999609,1,1,0.7762,1,0,1,0,0.877262,-0.066311,0,0
hate_video_87,1,473.75,3,65.0,0.1372,0,437,0,Blacks,0.741694,1,0,0.85,0.999546,1,1,0.8714,1,1,0.807878,1,0,0.85,0.999229,1,1,0.9048,1,1,0.299863,1,0,0.65,0.998952,0,3,0.6524,1,1,0.502374,1,0,0.8,0.999829,0,2,0.7524,1,1,0.790311,1,0,0.9,0.999952,1,1,0.8952,1,1,0.790311,1,0,0.9,0.999952,1,1,0.8952,1,1,1,1,0.425043,0.524856,0,0
hate_video_88,1,126.284,7,31.0,0.2455,2,291,0,Blacks,0.98085,1,0,0.95,0.999957,1,1,0.9905,1,1,0.999895,1,0,1.0,0.999964,1,1,1.0,1,1,0.999698,1,0,1.0,0.999832,1,1,1.0,1,1,0.933215,1,0,0.95,0.999965,1,1,0.9667,1,1,0.80947,1,0,0.95,0.999975,0,2,0.9048,1,1,0.80947,1,0,0.95,0.999975,0,2,0.9048,1,1,1,1,0.209625,0.977969,0,0
non_hate_video_134,0,451.28,0,0,0.0,,579,0,Others,0.551925,1,1,0.25,0.999761,0,2,0.2238,0,1,0.68515,1,1,0.1,0.999852,0,4,0.1571,1,1,0.864722,1,1,0.05,0.999052,0,7,0.0667,0,1,0.590317,1,1,0.15,0.999893,0,3,0.2048,1,1,0.904685,1,1,0.05,0.999956,0,11,0.0476,1,1,0.904685,1,1,0.05,0.999956,0,11,0.0476,1,1,0,1,-0.435733,0.677565,3,3
hate_video_89,1,156.023,7,99.0,0.6345,5,320,0,Blacks,0.971384,1,0,0.95,0.999968,1,1,0.9857,1,1,0.999951,1,0,1.0,0.99997,1,1,1.0,1,1,0.885594,1,0,0.95,0.999889,1,1,0.9429,1,1,0.999954,1,0,1.0,0.999972,1,1,1.0,1,1,0.999971,1,0,1.0,0.999978,1,1,1.0,1,1,0.999971,1,0,1.0,0.999978,1,1,1.0,1,1,1,1,0.146437,0.853387,0,0
non_hate_video_136,0,59.2,0,0,0.0,,88,0,Others,-0.999969,0,0,1.0,0.999981,1,1,1.0,0,0,-0.999988,0,0,1.0,0.999992,1,1,1.0,0,0,-0.999957,0,0,1.0,0.999969,1,1,1.0,0,0,-0.999987,0,0,1.0,0.999993,1,1,1.0,0,0,-0.999986,0,0,1.0,0.999992,1,1,1.0,0,0,-0.999986,0,0,1.0,0.999992,1,1,1.0,0,0,0,0,-0.591775,-0.788379,0,0
non_hate_video_137,0,31.881,0,0,0.0,,0,1,Others,-0.999971,0,0,1.0,0.999984,1,1,1.0,0,0,-0.99999,0,0,1.0,0.999995,1,1,1.0,0,0,-0.999952,0,0,1.0,0.999976,1,1,1.0,0,0,-0.999987,0,0,1.0,0.999991,1,1,1.0,0,0,-0.999991,0,0,1.0,0.999996,1,1,1.0,0,0,-0.999991,0,0,1.0,0.999996,1,1,1.0,0,0,0,0,-0.693049,-0.93166,0,0
non_hate_video_139,0,523.809,0,0,0.0,,566,0,Others,-0.999869,0,0,1.0,0.999945,1,1,1.0,0,0,-0.809471,0,0,0.95,0.999957,0,2,0.9048,0,0,-0.828492,0,0,0.9,0.999942,1,1,0.9143,0,0,-0.933291,0,0,0.95,0.999982,1,1,0.9667,0,0,-0.999922,0,0,1.0,0.999974,1,1,1.0,0,0,-0.999922,0,0,1.0,0.999974,1,1,1.0,0,0,0,1,-0.729594,0.269508,0,0
hate_video_93,1,47.68,3,7.0,0.1468,2,92,0,Blacks,0.99981,1,0,1.0,0.999869,1,1,1.0,1,1,0.714151,1,0,0.9,0.999912,1,1,0.8571,1,1,0.837763,1,0,0.95,0.999768,1,1,0.919,1,1,0.999882,1,0,1.0,0.999972,1,1,1.0,1,1,0.895173,1,0,0.95,0.999971,1,1,0.9476,1,1,0.895173,1,0,0.95,0.999971,1,1,0.9476,1,1,1,1,0.911702,0.81388,0,0
non_hate_video_140,0,181.995,0,0,0.0,,189,0,Others,0.348612,1,1,0.3,0.996821,0,2,0.3238,1,1,0.323016,1,1,0.3,0.99727,0,2,0.3333,0,1,0.28374,1,1,0.35,0.99793,0,4,0.3571,1,1,0.427173,1,1,0.3,0.999438,0,4,0.2857,0,1,0.42721,1,1,0.25,0.999513,1,1,0.2857,0,1,0.42721,1,1,0.25,0.999513,1,1,0.2857,0,1,1,1,0.017067,0.300262,3,3
non_hate_video_141,0,3.39,0,0,0.0,,0,1,Others,-0.999957,0,0,1.0,0.999975,1,1,1.0,1,0,-0.999984,0,0,1.0,0.999989,1,1,1.0,1,0,-0.999951,0,0,1.0,0.99997,1,1,1.0,1,0,-0.999982,0,0,1.0,0.999991,1,1,1.0,1,0,-0.999984,0,0,1.0,0.999991,1,1,1.0,1,0,-0.999984,0,0,1.0,0.999991,1,1,1.0,1,0,0,0,-0.026846,-0.906916,0,0
non_hate_video_144,0,43.488,0,0,0.0,,6,0,Blacks,-0.999955,0,0,1.0,0.999975,1,1,1.0,0,0,-0.999969,0,0,1.0,0.999987,1,1,1.0,0,0,-0.999954,0,0,1.0,0.999963,1,1,1.0,0,0,-0.999979,0,0,1.0,0.999987,1,1,1.0,0,0,-0.99998,0,0,1.0,0.999987,1,1,1.0,0,0,-0.99998,0,0,1.0,0.999987,1,1,1.0,0,0,0,0,-0.30757,-0.789851,0,0
non_hate_video_147,0,13.305,0,0,0.0,,0,1,Others,-0.999946,0,0,1.0,0.999959,1,1,1.0,0,0,-0.999974,0,0,1.0,0.999989,1,1,1.0,0,0,-0.999951,0,0,1.0,0.999962,1,1,1.0,0,0,-0.999971,0,0,1.0,0.99999,1,1,1.0,0,0,-0.999983,0,0,1.0,0.999993,1,1,1.0,0,0,-0.999983,0,0,1.0,0.999993,1,1,1.0,0,0,0,0,-0.532489,-0.931037,0,0
non_hate_video_149,0,179.932,0,0,0.0,,405,0,Others,0.531512,1,1,0.15,0.999247,1,1,0.2333,0,1,0.655058,1,1,0.15,0.999681,0,3,0.1714,0,1,0.719195,1,1,0.15,0.997398,0,4,0.1381,0,1,0.578912,1,1,0.2,0.999737,1,1,0.2095,0,1,0.856804,1,1,0.05,0.999855,0,6,0.0714,0,1,0.856804,1,1,0.05,0.999855,0,6,0.0714,0,1,0,1,-0.206819,0.968303,3,3
hate_video_101,1,97.834,1,8.0,0.0818,0,31,0,Blacks,0.999915,1,0,1.0,0.999959,1,1,1.0,1,1,0.999925,1,0,1.0,0.999966,1,1,1.0,1,1,0.856967,1,0,0.95,0.999896,1,1,0.9286,1,1,0.99992,1,0,1.0,0.999976,1,1,1.0,1,1,0.999971,1,0,1.0,0.999985,1,1,1.0,1,1,0.999971,1,0,1.0,0.999985,1,1,1.0,1,1,1,1,0.548821,0.7853,0,0
hate_video_102,1,121.046,8,39.0,0.3222,0,287,0,Blacks,0.999882,1,0,1.0,0.999961,1,1,1.0,1,1,0.999871,1,0,1.0,0.999947,1,1,1.0,1,1,0.818847,1,0,0.95,0.999925,1,1,0.9095,1,1,0.999843,1,0,1.0,0.999932,1,1,1.0,1,1,0.81898,1,0,0.95,0.99996,1,1,0.9095,1,1,0.81898,1,0,0.95,0.99996,1,1,0.9095,1,1,1,1,0.477975,0.968268,0,0
non_hate_video_162,0,141.767,0,0,0.0,,3,0,Others,-0.999934,0,0,1.0,0.99996,1,1,1.0,1,0,-0.999968,0,0,1.0,0.999982,1,1,1.0,1,0,-0.999951,0,0,1.0,0.999974,1,1,1.0,1,0,-0.999964,0,0,1.0,0.999979,1,1,1.0,1,0,-0.999957,0,0,1.0,0.999979,1,1,1.0,1,0,-0.999957,0,0,1.0,0.999979,1,1,1.0,1,0,1,0,0.035943,-0.79899,0,0
non_hate_video_165,0,398.037,0,0,0.0,,981,0,Others,-0.999949,0,0,1.0,0.999967,1,1,1.0,0,0,-0.999972,0,0,1.0,0.999987,1,1,1.0,0,0,-0.999943,0,0,1.0,0.999968,1,1,1.0,0,0,-0.999974,0,0,1.0,0.999986,1,1,1.0,0,0,-0.999973,0,0,1.0,0.999988,1,1,1.0,0,0,-0.999973,0,0,1.0,0.999988,1,1,1.0,0,0,0,0,-0.054498,-0.694662,0,0
non_hate_video_167,0,45.0,0,0,0.0,,7,0,Others,-0.151232,0,0,0.6,0.997328,1,1,0.5762,0,0,0.336354,1,1,0.35,0.99584,0,5,0.3286,1,0,0.038154,1,1,0.6,0.999777,0,2,0.481,0,0,0.531799,1,1,0.3,0.999607,0,5,0.2333,0,0,0.513715,1,1,0.35,0.999778,0,8,0.2429,0,0,0.513715,1,1,0.35,0.999778,0,8,0.2429,0,0,0,1,-0.476498,0.355324,3,2
non_hate_video_172,0,165.312,0,0,0.0,,217,0,Blacks,-0.999918,0,0,1.0,0.999941,1,1,1.0,0,0,-0.999967,0,0,1.0,0.999981,1,1,1.0,0,0,-0.885646,0,0,0.95,0.999951,1,1,0.9429,0,0,-0.999975,0,0,1.0,0.999984,1,1,1.0,0,0,-0.999973,0,0,1.0,0.999985,1,1,1.0,0,0,-0.999973,0,0,1.0,0.999985,1,1,1.0,0,0,0,0,-0.215642,-0.311243,0,0
non_hate_video_173,0,135.36,0,0,0.0,,248,0,Others,-0.933219,0,0,0.95,0.999955,1,1,0.9667,0,0,-0.99996,0,0,1.0,0.999976,1,1,1.0,0,0,-0.666588,0,0,0.85,0.999922,1,1,0.8333,1,0,-0.999949,0,0,1.0,0.999972,1,1,1.0,0,0,-0.999969,0,0,1.0,0.999988,1,1,1.0,0,0,-0.999969,0,0,1.0,0.999988,1,1,1.0,0,0,0,0,-0.061529,-0.172632,0,0
non_hate_video_178,0,31.105,0,0,0.0,,1,1,Others,-0.999949,0,0,1.0,0.999973,1,1,1.0,0,0,-0.999978,0,0,1.0,0.999985,1,1,1.0,0,0,-0.999959,0,0,1.0,0.99997,1,1,1.0,0,0,-0.999972,0,0,1.0,0.999988,1,1,1.0,0,0,-0.999974,0,0,1.0,0.999987,1,1,1.0,0,0,-0.999974,0,0,1.0,0.999987,1,1,1.0,0,0,0,0,-0.180428,-0.792152,0,0
hate_video_114,1,628.8,2,134.0,0.2131,1,727,0,Sexits,0.961801,1,0,0.95,0.999923,1,1,0.981,1,1,0.999911,1,0,1.0,0.999935,1,1,1.0,1,1,0.999644,1,0,1.0,0.999743,1,1,1.0,1,1,0.923748,1,0,0.95,0.999974,1,1,0.9619,1,1,0.999962,1,0,1.0,0.99998,1,1,1.0,1,1,0.999962,1,0,1.0,0.99998,1,1,1.0,1,1,0,1,-0.221607,0.95818,0,0
non_hate_video_188,0,23.755,0,0,0.0,,14,0,Others,-0.999954,0,0,1.0,0.999975,1,1,1.0,0,0,-0.999979,0,0,1.0,0.999992,1,1,1.0,0,0,-0.999968,0,0,1.0,0.999979,1,1,1.0,0,0,-0.999981,0,0,1.0,0.999989,1,1,1.0,0,0,-0.999982,0,0,1.0,0.999992,1,1,1.0,0,0,-0.999982,0,0,1.0,0.999992,1,1,1.0,0,0,0,0,-0.459058,-0.650509,0,0
non_hate_video_191,0,12.398,0,0,0.0,,21,0,Others,-0.999888,0,0,1.0,0.999945,1,1,1.0,1,0,-0.999956,0,0,1.0,0.99997,1,1,1.0,1,0,-0.999898,0,0,1.0,0.999932,1,1,1.0,1,0,-0.999959,0,0,1.0,0.999974,1,1,1.0,1,0,-0.999959,0,0,1.0,0.999972,1,1,1.0,1,0,-0.999959,0,0,1.0,0.999972,1,1,1.0,1,0,1,0,0.744427,-0.836999,0,0
non_hate_video_197,0,263.407,0,0,0.0,,798,0,Others,-0.999827,0,0,1.0,0.999883,1,1,1.0,1,0,-0.99993,0,0,1.0,0.999958,1,1,1.0,1,0,-0.942697,0,0,0.9,0.999893,1,1,0.9714,1,0,-0.847547,0,0,0.9,0.999967,1,1,0.9238,1,0,-0.999916,0,0,1.0,0.999951,1,1,1.0,1,0,-0.999916,0,0,1.0,0.999951,1,1,1.0,1,0,1,0,0.14428,-0.300118,0,0
non_hate_video_199,0,233.676,0,0,0.0,,326,0,Others,-0.885644,0,0,0.95,0.999946,1,1,0.9429,1,0,-0.999966,0,0,1.0,0.999976,1,1,1.0,1,0,-0.799939,0,0,0.9,0.99994,1,1,0.9,0,0,-0.999964,0,0,1.0,0.999978,1,1,1.0,1,0,-0.999968,0,0,1.0,0.999972,1,1,1.0,1,0,-0.999968,0,0,1.0,0.999972,1,1,1.0,1,0,0,0,-0.147369,-0.340994,0,0
hate_video_132,1,329.969,2,275.0,0.8334,6,822,0,"Whites,Blacks",0.876001,1,0,0.9,0.999878,1,1,0.9381,1,1,0.885583,1,0,0.95,0.999933,1,1,0.9429,1,1,0.959967,1,0,0.95,0.999584,1,1,0.981,1,1,0.999855,1,0,1.0,0.999951,1,1,1.0,1,1,0.933283,1,0,0.9,0.999963,1,1,0.9667,1,1,0.933283,1,0,0.9,0.999963,1,1,0.9667,1,1,0,1,-0.168988,0.836351,0,0
non_hate_video_213,0,23.403,0,0,0.0,,19,0,Jews,-0.999936,0,0,1.0,0.999952,1,1,1.0,0,0,-0.999958,0,0,1.0,0.999977,1,1,1.0,0,0,-0.999957,0,0,1.0,0.999974,1,1,1.0,0,0,-0.876148,0,0,0.95,0.999977,1,1,0.9381,0,0,-0.857104,0,0,0.95,0.999975,1,1,0.9286,0,0,-0.857104,0,0,0.95,0.999975,1,1,0.9286,0,0,0,0,-0.794958,-0.620796,0,0
non_hate_video_215,0,79.469,0,0,0.0,,5,0,Jews,-0.999953,0,0,1.0,0.999983,1,1,1.0,0,0,-0.999974,0,0,1.0,0.999991,1,1,1.0,0,0,-0.999966,0,0,1.0,0.99998,1,1,1.0,0,0,-0.999973,0,0,1.0,0.999993,1,1,1.0,0,0,-0.999967,0,0,1.0,0.999986,1,1,1.0,0,0,-0.999967,0,0,1.0,0.999986,1,1,1.0,0,0,0,0,-0.816933,-0.965156,0,0
non_hate_video_216,0,153.833,0,0,0.0,,130,0,Others,-0.531982,0,0,0.75,0.999252,0,2,0.7667,0,0,-0.789585,0,0,0.85,0.999802,1,1,0.8952,0,0,-0.609106,0,0,0.85,0.999781,0,2,0.8048,0,0,-0.742165,0,0,0.9,0.999752,1,1,0.8714,0,0,-0.501958,0,0,0.8,0.999607,0,2,0.7524,0,0,-0.501958,0,0,0.8,0.999607,0,2,0.7524,0,0,0,0,-0.274979,-0.034507,0,0
hate_video_138,1,131.767,1,118.0,0.8955,6,188,0,Blacks,0.970923,1,0,0.95,0.999798,1,1,0.9857,1,1,0.894742,1,0,0.9,0.99977,1,1,0.9476,1,1,0.99856,1,0,1.0,0.999411,1,1,1.0,1,1,0.790103,1,0,0.9,0.999906,1,1,0.8952,1,1,0.704654,1,0,0.8,0.999945,1,1,0.8524,1,1,0.704654,1,0,0.8,0.999945,1,1,0.8524,1,1,1,1,0.521129,0.684479,0,0
non_hate_video_221,0,15.035,0,0,0.0,,2,0,"Whites,Blacks",-0.999936,0,0,1.0,0.999961,1,1,1.0,0,0,-0.999973,0,0,1.0,0.999981,1,1,1.0,0,0,-0.857092,0,0,0.9,0.999979,1,1,0.9286,0,0,-0.999966,0,0,1.0,0.999988,1,1,1.0,0,0,-0.999977,0,0,1.0,0.99999,1,1,1.0,0,0,-0.999977,0,0,1.0,0.99999,1,1,1.0,0,0,0,0,-0.833739,-0.962227,0,0
hate_video_139,1,72.158,1,59.0,0.8177,6,92,0,Blacks,0.99043,1,0,0.95,0.999975,1,1,0.9952,1,1,0.999955,1,0,1.0,0.999982,1,1,1.0,1,1,0.999872,1,0,1.0,0.99993,1,1,1.0,0,1,0.999898,1,0,1.0,0.999987,1,1,1.0,1,1,0.999953,1,0,1.0,0.99999,1,1,1.0,1,1,0.999953,1,0,1.0,0.99999,1,1,1.0,1,1,0,1,-0.220836,0.862643,0,0
hate_video_143,1,59.334,1,49.0,0.8258,6,144,0,Blacks,-0.732498,0,1,0.2,0.999708,0,8,0.1333,0,0,-0.551956,0,1,0.2,0.999893,0,4,0.2238,0,0,-0.590149,0,1,0.15,0.999687,1,1,0.2048,0,0,-0.875913,0,1,0.15,0.999898,0,14,0.0619,0,0,-0.740711,0,1,0.2,0.999529,0,5,0.1286,0,0,-0.740711,0,1,0.2,0.999529,0,5,0.1286,0,0,0,0,-0.340632,-0.357368,3,3
non_hate_video_229,0,18.926,0,0,0.0,,0,1,Blacks,-0.999975,0,0,1.0,0.999988,1,1,1.0,0,0,-0.999988,0,0,1.0,0.999992,1,1,1.0,0,0,-0.999972,0,0,1.0,0.999981,1,1,1.0,0,0,-0.999987,0,0,1.0,0.999994,1,1,1.0,0,0,-0.999986,0,0,1.0,0.999994,1,1,1.0,0,0,-0.999986,0,0,1.0,0.999994,1,1,1.0,0,0,0,0,-0.806665,-0.947522,0,0
non_hate_video_238,0,197.142,0,0,0.0,,288,0,Others,-0.99992,0,0,1.0,0.999943,1,1,1.0,0,0,-0.999966,0,0,1.0,0.999989,1,1,1.0,0,0,-0.999912,0,0,1.0,0.999959,1,1,1.0,1,0,-0.999964,0,0,1.0,0.999979,1,1,1.0,1,0,-0.999973,0,0,1.0,0.999988,1,1,1.0,0,0,-0.999973,0,0,1.0,0.999988,1,1,1.0,0,0,1,0,0.051766,-0.421725,0,0
hate_video_149,1,88.15,1,15.0,0.1702,1,193,0,Blacks,0.628173,1,0,0.9,0.999844,0,3,0.8143,1,1,0.627834,1,0,0.9,0.999939,0,3,0.8143,1,1,0.627858,1,0,0.9,0.999614,0,3,0.8143,1,1,0.714007,1,0,0.9,0.999902,1,1,0.8571,1,1,0.542704,1,0,0.8,0.999978,0,2,0.7714,1,1,0.542704,1,0,0.8,0.999978,0,2,0.7714,1,1,1,1,0.793646,0.787319,0,0
hate_video_151,1,297.858,1,292.0,0.9803,6,771,0,Blacks,0.847315,1,0,0.95,0.999925,1,1,0.9238,1,1,0.761701,1,0,0.9,0.99991,1,1,0.881,1,1,0.826626,1,0,0.95,0.999376,1,1,0.9143,1,1,0.74269,1,0,0.8,0.999924,1,1,0.8714,1,1,0.866567,1,0,0.95,0.999963,1,1,0.9333,1,1,0.866567,1,0,0.95,0.999963,1,1,0.9333,1,1,1,1,0.342952,0.739682,0,0
hate_video_155,1,121.673,3,33.0,0.2712,2,74,0,Blacks,0.971375,1,0,0.95,0.999968,1,1,0.9857,0,1,0.999948,1,0,1.0,0.99997,1,1,1.0,0,1,0.885542,1,0,0.95,0.999854,1,1,0.9429,0,1,0.999946,1,0,1.0,0.999977,1,1,1.0,0,1,0.866644,1,0,0.95,0.999987,1,1,0.9333,0,1,0.866644,1,0,0.95,0.999987,1,1,0.9333,0,1,0,1,-0.373712,0.95579,0,0
non_hate_video_244,0,36.539,0,0,0.0,,0,1,Others,-0.999973,0,0,1.0,0.999987,1,1,1.0,0,0,-0.999991,0,0,1.0,0.999996,1,1,1.0,0,0,-0.999971,0,0,1.0,0.999981,1,1,1.0,0,0,-0.999984,0,0,1.0,0.999993,1,1,1.0,0,0,-0.999991,0,0,1.0,0.999996,1,1,1.0,0,0,-0.999991,0,0,1.0,0.999996,1,1,1.0,0,0,0,0,-0.932393,-0.944906,0,0
non_hate_video_247,0,189.939,0,0,0.0,,494,0,Others,-0.999944,0,0,1.0,0.999971,1,1,1.0,0,0,-0.999971,0,0,1.0,0.999981,1,1,1.0,0,0,-0.999914,0,0,1.0,0.999937,1,1,1.0,1,0,-0.999959,0,0,1.0,0.999986,1,1,1.0,1,0,-0.999971,0,0,1.0,0.999985,1,1,1.0,1,0,-0.999971,0,0,1.0,0.999985,1,1,1.0,1,0,1,0,0.06836,-0.511585,0,0
non_hate_video_249,0,67.839,0,0,0.0,,4,0,Blacks,-0.999942,0,0,1.0,0.999964,1,1,1.0,0,0,-0.999975,0,0,1.0,0.999984,1,1,1.0,0,0,-0.99996,0,0,1.0,0.999975,1,1,1.0,0,0,-0.999977,0,0,1.0,0.999987,1,1,1.0,0,0,-0.999975,0,0,1.0,0.999986,1,1,1.0,0,0,-0.999975,0,0,1.0,0.999986,1,1,1.0,0,0,0,0,-0.28671,-0.94089,0,0
non_hate_video_259,0,15.927,0,0,0.0,,13,0,Others,-0.999889,0,0,1.0,0.999922,1,1,1.0,0,0,-0.999958,0,0,1.0,0.999973,1,1,1.0,0,0,-0.952307,0,0,0.95,0.999972,1,1,0.9762,0,0,-0.819001,0,0,0.9,0.999985,1,1,0.9095,0,0,-0.847451,0,0,0.95,0.999954,1,1,0.9238,0,0,-0.847451,0,0,0.95,0.999954,1,1,0.9238,0,0,0,0,-0.76691,-0.364557,0,0
non_hate_video_260,0,19.222,0,0,0.0,,0,1,Others,-0.999901,0,0,1.0,0.999954,1,1,1.0,0,0,-0.961873,0,0,0.95,0.99998,1,1,0.981,0,0,-0.799953,0,0,0.9,0.999958,1,1,0.9,0,0,-0.999953,0,0,1.0,0.999979,1,1,1.0,0,0,-0.999926,0,0,1.0,0.999957,1,1,1.0,0,0,-0.999926,0,0,1.0,0.999957,1,1,1.0,0,0,0,0,-0.594923,-0.950416,0,0
non_hate_video_264,0,145.765,0,0,0.0,,385,0,Others,-0.999943,0,0,1.0,0.999965,1,1,1.0,0,0,-0.999973,0,0,1.0,0.999987,1,1,1.0,0,0,-0.857068,0,0,0.9,0.999926,1,1,0.9286,0,0,-0.999971,0,0,1.0,0.999988,1,1,1.0,0,0,-0.999969,0,0,1.0,0.999985,1,1,1.0,0,0,-0.999969,0,0,1.0,0.999985,1,1,1.0,0,0,0,0,-0.757373,-0.337008,0,0
non_hate_video_268,0,85.586,0,0,0.0,,18,0,Blacks,-0.847501,0,0,0.85,0.999951,1,1,0.9238,0,0,-0.75229,0,0,0.85,0.999946,1,1,0.8762,0,0,-0.62852,0,0,0.85,0.999958,1,1,0.8143,0,0,-0.828509,0,0,0.95,0.999975,1,1,0.9143,0,0,-0.999869,0,0,1.0,0.999967,1,1,1.0,0,0,-0.999869,0,0,1.0,0.999967,1,1,1.0,0,0,0,0,-0.597322,-0.427604,0,0
non_hate_video_271,0,18.386,0,0,0.0,,0,1,Others,-0.999943,0,0,1.0,0.999962,1,1,1.0,1,0,-0.999983,0,0,1.0,0.999989,1,1,1.0,1,0,-0.999952,0,0,1.0,0.999967,1,1,1.0,1,0,-0.99997,0,0,1.0,0.999982,1,1,1.0,1,0,-0.999967,0,0,1.0,0.999983,1,1,1.0,1,0,-0.999967,0,0,1.0,0.999983,1,1,1.0,1,0,0,0,-0.419465,-0.885362,0,0
non_hate_video_274,0,25.844,0,0,0.0,,0,1,Others,-0.999963,0,0,1.0,0.99998,1,1,1.0,0,0,-0.999989,0,0,1.0,0.999994,1,1,1.0,0,0,-0.999967,0,0,1.0,0.999976,1,1,1.0,0,0,-0.999982,0,0,1.0,0.999992,1,1,1.0,0,0,-0.999985,0,0,1.0,0.999992,1,1,1.0,0,0,-0.999985,0,0,1.0,0.999992,1,1,1.0,0,0,0,0,-0.670186,-0.955671,0,0
non_hate_video_278,0,15.558,0,0,0.0,,0,1,Others,-0.999974,0,0,1.0,0.999986,1,1,1.0,0,0,-0.999986,0,0,1.0,0.999995,1,1,1.0,0,0,-0.999973,0,0,1.0,0.99998,1,1,1.0,0,0,-0.999983,0,0,1.0,0.999994,1,1,1.0,0,0,-0.999991,0,0,1.0,0.999994,1,1,1.0,0,0,-0.999991,0,0,1.0,0.999994,1,1,1.0,0,0,0,0,-0.432309,-0.960467,0,0
non_hate_video_279,0,56.145,0,0,0.0,,50,0,Others,-0.999956,0,0,1.0,0.999965,1,1,1.0,0,0,-0.999983,0,0,1.0,0.999988,1,1,1.0,0,0,-0.999943,0,0,1.0,0.99995,1,1,1.0,0,0,-0.999981,0,0,1.0,0.999987,1,1,1.0,0,0,-0.999985,0,0,1.0,0.999987,1,1,1.0,0,0,-0.999985,0,0,1.0,0.999987,1,1,1.0,0,0,0,0,-0.525063,-0.710507,0,0
non_hate_video_281,0,53.767,0,0,0.0,,19,0,Others,-0.570745,0,0,0.8,0.999712,1,1,0.7857,0,0,-0.69424,0,0,0.85,0.999772,1,1,0.8476,0,0,-0.561707,0,0,0.85,0.999821,0,2,0.781,0,0,-0.847371,0,0,0.85,0.999912,1,1,0.9238,0,0,-0.825316,0,0,0.85,0.999495,1,1,0.9143,0,0,-0.825316,0,0,0.85,0.999495,1,1,0.9143,0,0,0,1,-0.19416,0.131389,0,0
non_hate_video_284,0,52.9,0,0,0.0,,0,1,Others,-0.999973,0,0,1.0,0.999982,1,1,1.0,0,0,-0.999992,0,0,1.0,0.999996,1,1,1.0,0,0,-0.99996,0,0,1.0,0.999976,1,1,1.0,0,0,-0.999988,0,0,1.0,0.999993,1,1,1.0,0,0,-0.999992,0,0,1.0,0.999996,1,1,1.0,0,0,-0.999992,0,0,1.0,0.999996,1,1,1.0,0,0,0,0,-0.543073,-0.933609,0,0
non_hate_video_290,0,56.495,0,0,0.0,,137,0,Others,-0.999916,0,0,1.0,0.999957,1,1,1.0,0,0,-0.999966,0,0,1.0,0.999981,1,1,1.0,0,0,-0.980868,0,0,0.95,0.999944,1,1,0.9905,0,0,-0.999955,0,0,1.0,0.999982,1,1,1.0,0,0,-0.999961,0,0,1.0,0.999973,1,1,1.0,0,0,-0.999961,0,0,1.0,0.999973,1,1,1.0,0,0,0,0,-0.44996,-0.222853,0,0
non_hate_video_291,0,136.034,0,0,0.0,,302,0,Blacks,-0.99997,0,0,1.0,0.99998,1,1,1.0,0,0,-0.999988,0,0,1.0,0.99999,1,1,1.0,0,0,-0.999944,0,0,1.0,0.999953,1,1,1.0,0,0,-0.999987,0,0,1.0,0.999992,1,1,1.0,0,0,-0.999989,0,0,1.0,0.99999,1,1,1.0,0,0,-0.999989,0,0,1.0,0.99999,1,1,1.0,0,0,0,0,-0.447542,-0.663459,0,0
non_hate_video_295,0,71.81,0,0,0.0,,72,0,Others,-0.999975,0,0,1.0,0.999986,1,1,1.0,0,0,-0.999991,0,0,1.0,0.999995,1,1,1.0,0,0,-0.999956,0,0,1.0,0.99998,1,1,1.0,0,0,-0.999989,0,0,1.0,0.999993,1,1,1.0,0,0,-0.999993,0,0,1.0,0.999996,1,1,1.0,0,0,-0.999993,0,0,1.0,0.999996,1,1,1.0,0,0,0,0,-0.23221,-0.885213,0,0
hate_video_177,1,144.614,2,14.0,0.0968,0,310,0,Jews,0.876097,1,0,0.95,0.999946,1,1,0.9381,1,1,0.999893,1,0,1.0,0.999954,1,1,1.0,1,1,0.875885,1,0,0.9,0.999845,1,1,0.9381,1,1,0.999852,1,0,1.0,0.999948,1,1,1.0,1,1,0.85709,1,0,0.95,0.999964,1,1,0.9286,1,1,0.85709,1,0,0.95,0.999964,1,1,0.9286,1,1,1,1,0.694127,0.203023,0,0
non_hate_video_301,0,29.467,0,0,0.0,,7,0,Blacks,-0.999941,0,0,1.0,0.999963,1,1,1.0,0,0,-0.999973,0,0,1.0,0.99999,1,1,1.0,0,0,-0.999968,0,0,1.0,0.999979,1,1,1.0,0,0,-0.999971,0,0,1.0,0.999987,1,1,1.0,0,0,-0.999969,0,0,1.0,0.99999,1,1,1.0,0,0,-0.999969,0,0,1.0,0.99999,1,1,1.0,0,0,0,0,-0.621625,-0.886195,0,0
non_hate_video_304,0,11.213,0,0,0.0,,0,1,Others,-0.999887,0,0,1.0,0.999945,1,1,1.0,0,0,-0.999961,0,0,1.0,0.999976,1,1,1.0,0,0,-0.999946,0,0,1.0,0.99998,1,1,1.0,0,0,-0.999958,0,0,1.0,0.999984,1,1,1.0,0,0,-0.999935,0,0,1.0,0.999976,1,1,1.0,0,0,-0.999935,0,0,1.0,0.999976,1,1,1.0,0,0,0,0,-0.75613,-0.959146,0,0
hate_video_181,1,23.731,1,22.0,0.9271,6,23,0,Blacks,0.999921,1,0,1.0,0.999943,1,1,1.0,1,1,0.923729,1,0,0.95,0.99996,1,1,0.9619,1,1,0.9999,1,0,1.0,0.999975,1,1,1.0,1,1,0.838021,1,0,0.95,0.999962,1,1,0.919,1,1,0.999969,1,0,1.0,0.999985,1,1,1.0,1,1,0.999969,1,0,1.0,0.999985,1,1,1.0,1,1,1,1,0.904996,0.973439,0,0
hate_video_182,1,239.04,1,211.0,0.8827,6,312,0,Blacks,0.999926,1,0,1.0,0.999973,1,1,1.0,1,1,0.999919,1,0,1.0,0.999975,1,1,1.0,1,1,0.999809,1,0,1.0,0.99988,1,1,1.0,1,1,0.952291,1,0,0.95,0.999972,1,1,0.9762,1,1,0.999972,1,0,1.0,0.999982,1,1,1.0,1,1,0.999972,1,0,1.0,0.999982,1,1,1.0,1,1,1,1,0.399732,0.884293,0,0
hate_video_184,1,45.024,1,38.0,0.844,6,45,0,Blacks,0.999935,1,0,1.0,0.999992,1,1,1.0,1,1,0.876142,1,0,0.95,0.999995,1,1,0.9381,1,1,0.999888,1,0,1.0,0.999974,1,1,1.0,1,1,0.885676,1,0,0.95,0.999985,1,1,0.9429,1,1,0.771411,1,0,0.9,0.999995,1,1,0.8857,1,1,0.771411,1,0,0.9,0.999995,1,1,0.8857,1,1,1,1,0.925546,0.977321,0,0
hate_video_189,1,105.303,1,95.0,0.9022,6,206,0,Blacks,0.637686,1,0,0.9,0.999837,0,2,0.819,1,1,0.990001,1,0,0.95,0.999881,1,1,0.9952,1,1,0.836299,1,0,0.95,0.999582,1,1,0.919,1,1,0.808779,1,0,0.9,0.9996,1,1,0.9048,1,1,0.43799,1,0,0.75,0.999946,0,2,0.719,1,1,0.43799,1,0,0.75,0.999946,0,2,0.719,1,1,1,1,0.833575,0.785193,0,0
non_hate_video_312,0,287.095,0,0,0.0,,722,0,Blacks,0.885646,1,1,0.05,0.99996,0,9,0.0571,0,1,0.999951,1,1,0.0,0.99998,0,0,0.0,0,1,0.999796,1,1,0.0,0.999883,0,0,0.0,0,1,0.857092,1,1,0.05,0.999964,0,6,0.0714,0,1,0.876169,1,1,0.05,0.999987,0,8,0.0619,0,1,0.876169,1,1,0.05,0.999987,0,8,0.0619,0,1,0,1,-0.724491,0.919573,3,3
non_hate_video_314,0,81.442,0,0,0.0,,158,0,Blacks,0.81898,1,1,0.05,0.999966,0,2,0.0905,1,1,0.857072,1,1,0.05,0.999962,0,6,0.0714,1,1,0.971266,1,1,0.05,0.999909,0,18,0.0143,1,1,0.828519,1,1,0.05,0.999978,0,3,0.0857,1,1,0.961877,1,1,0.05,0.999984,0,17,0.019,1,1,0.961877,1,1,0.05,0.999984,0,17,0.019,1,1,1,1,0.876062,0.787241,3,3
hate_video_198,1,211.371,2,160.0,0.757,5,423,0,Blacks,0.999924,1,0,1.0,0.99999,1,1,1.0,1,1,0.999956,1,0,1.0,0.999982,1,1,1.0,1,1,0.999827,1,0,1.0,0.999978,1,1,1.0,1,1,0.999945,1,0,1.0,0.999992,1,1,1.0,1,1,0.999982,1,0,1.0,0.999994,1,1,1.0,1,1,0.999982,1,0,1.0,0.999994,1,1,1.0,1,1,1,1,0.734429,0.982164,0,0
hate_video_205,1,197.815,1,180.0,0.9099,6,258,0,Blacks,0.923787,1,0,0.95,0.999989,1,1,0.9619,1,1,0.999972,1,0,1.0,0.99999,1,1,1.0,1,1,0.999944,1,0,1.0,0.999982,1,1,1.0,1,1,0.999971,1,0,1.0,0.999996,1,1,1.0,1,1,0.999986,1,0,1.0,0.999995,1,1,1.0,1,1,0.999986,1,0,1.0,0.999995,1,1,1.0,1,1,1,1,0.944745,0.91442,0,0
hate_video_206,1,160.076,1,70.0,0.4373,3,214,0,Blacks,0.876122,1,0,0.95,0.999964,1,1,0.9381,1,1,0.91421,1,0,0.95,0.999961,1,1,0.9571,1,1,0.923619,1,0,0.95,0.999841,1,1,0.9619,1,1,0.999884,1,0,1.0,0.999941,1,1,1.0,1,1,0.999969,1,0,1.0,0.999982,1,1,1.0,1,1,0.999969,1,0,1.0,0.999982,1,1,1.0,1,1,1,1,0.249889,0.825785,0,0
non_hate_video_316,0,121.334,0,0,0.0,,35,0,Blacks,-0.799852,0,0,0.9,0.999924,1,1,0.9,1,0,-0.999933,0,0,1.0,0.999963,1,1,1.0,1,0,-0.752284,0,0,0.85,0.999899,1,1,0.8762,1,0,-0.857096,0,0,0.8,0.999967,1,1,0.9286,1,0,-0.961728,0,0,0.95,0.999923,1,1,0.981,1,0,-0.961728,0,0,0.95,0.999923,1,1,0.981,1,0,0,1,-0.296115,0.009066,0,0
non_hate_video_317,0,67.777,0,0,0.0,,144,0,Others,-0.99998,0,0,1.0,0.999992,1,1,1.0,0,0,-0.999992,0,0,1.0,0.999998,1,1,1.0,0,0,-0.999974,0,0,1.0,0.999983,1,1,1.0,0,0,-0.999993,0,0,1.0,0.999996,1,1,1.0,0,0,-0.999994,0,0,1.0,0.999998,1,1,1.0,0,0,-0.999994,0,0,1.0,0.999998,1,1,1.0,0,0,0,0,-0.538919,-0.876817,0,0
hate_video_215,1,114.52,1,83.0,0.7248,6,298,0,Blacks,0.272307,1,0,0.65,0.997537,0,2,0.6381,1,1,0.338009,1,0,0.6,0.998738,1,1,0.6714,1,1,0.342566,1,0,0.6,0.999538,1,1,0.6714,1,0,0.521077,1,0,0.85,0.999716,0,2,0.7619,1,1,0.666077,1,0,0.85,0.999869,1,1,0.8333,1,1,0.666077,1,0,0.85,0.999869,1,1,0.8333,1,1,1,1,0.685234,0.045179,0,0
hate_video_218,1,45.001,1,40.0,0.8889,6,85,0,Blacks,-0.570432,0,1,0.15,0.99953,1,1,0.2143,0,0,-0.542023,0,1,0.2,0.999755,1,1,0.2286,0,0,-0.399902,0,1,0.25,0.999832,0,3,0.3,0,0,-0.323551,0,1,0.25,0.999887,1,1,0.3381,0,0,-0.780134,0,1,0.1,0.999786,0,9,0.1095,0,0,-0.780134,0,1,0.1,0.999786,0,9,0.1095,0,0,0,0,-0.750199,-0.351708,3,3
non_hate_video_323,0,200.273,0,0,0.0,,0,1,Others,-0.999916,0,0,1.0,0.999938,1,1,1.0,1,0,-0.999964,0,0,1.0,0.999978,1,1,1.0,1,0,-0.999937,0,0,1.0,0.999972,1,1,1.0,1,0,-0.999969,0,0,1.0,0.999974,1,1,1.0,1,0,-0.999975,0,0,1.0,0.99999,1,1,1.0,1,0,-0.999975,0,0,1.0,0.99999,1,1,1.0,1,0,1,0,0.45769,-0.760306,0,0
non_hate_video_326,0,118.754,0,0,0.0,,0,1,Others,-0.999946,0,0,1.0,0.999961,1,1,1.0,0,0,-0.99998,0,0,1.0,0.999986,1,1,1.0,0,0,-0.99995,0,0,1.0,0.999967,1,1,1.0,0,0,-0.999977,0,0,1.0,0.999982,1,1,1.0,0,0,-0.999983,0,0,1.0,0.999987,1,1,1.0,0,0,-0.999983,0,0,1.0,0.999987,1,1,1.0,0,0,0,0,-0.134379,-0.608513,0,0
hate_video_220,1,85.602,1,16.0,0.1869,2,58,0,Blacks,0.847454,1,0,0.9,0.999876,1,1,0.9238,1,1,0.723718,1,0,0.9,0.999909,1,1,0.8619,1,1,0.807608,1,0,0.9,0.999493,1,1,0.9048,1,1,0.999859,1,0,1.0,0.999958,1,1,1.0,1,1,0.999958,1,0,1.0,0.999969,1,1,1.0,1,1,0.999958,1,0,1.0,0.999969,1,1,1.0,1,1,1,1,0.189508,0.654087,0,0
hate_video_228,1,235.819,2,212.0,0.899,7,536,0,Blacks,0.999973,1,0,1.0,0.999987,1,1,1.0,1,1,0.999968,1,0,1.0,0.999992,1,1,1.0,1,1,0.999948,1,0,1.0,0.999979,1,1,1.0,1,1,0.999934,1,0,1.0,0.999988,1,1,1.0,1,1,0.999976,1,0,1.0,0.999993,1,1,1.0,1,1,0.999976,1,0,1.0,0.999993,1,1,1.0,1,1,1,1,0.825433,0.878075,0,0
hate_video_234,1,129.164,1,124.0,0.96,6,296,0,"Blacks,Jews",0.999969,1,0,1.0,0.99999,1,1,1.0,1,1,0.999959,1,0,1.0,0.999993,1,1,1.0,1,1,0.99988,1,0,1.0,0.999972,1,1,1.0,1,1,0.999939,1,0,1.0,0.999993,1,1,1.0,1,1,0.999983,1,0,1.0,0.999994,1,1,1.0,1,1,0.999983,1,0,1.0,0.999994,1,1,1.0,1,1,1,1,0.899795,0.660327,0,0
hate_video_239,1,217.42,1,196.0,0.9015,6,604,0,Blacks,0.876168,1,0,0.95,0.999982,1,1,0.9381,1,1,0.999968,1,0,1.0,0.999986,1,1,1.0,1,1,0.933257,1,0,0.95,0.999945,1,1,0.9667,1,1,0.99997,1,0,1.0,0.999987,1,1,1.0,1,1,0.99998,1,0,1.0,0.999991,1,1,1.0,1,1,0.99998,1,0,1.0,0.999991,1,1,1.0,1,1,1,1,0.547178,0.975114,0,0
hate_video_247,1,226.9,2,211.0,0.9299,7,619,0,Jews,0.999907,1,0,1.0,0.999951,1,1,1.0,1,1,0.999897,1,0,1.0,0.999955,1,1,1.0,1,1,0.99955,1,0,1.0,0.999848,1,1,1.0,1,1,0.999896,1,0,1.0,0.999957,1,1,1.0,1,1,0.980905,1,0,0.95,0.999973,1,1,0.9905,1,1,0.980905,1,0,0.95,0.999973,1,1,0.9905,1,1,1,1,0.393659,0.943914,0,0
non_hate_video_332,0,226.068,0,0,0.0,,550,0,Others,-0.999965,0,0,1.0,0.99997,1,1,1.0,1,0,-0.999985,0,0,1.0,0.999991,1,1,1.0,1,0,-0.999961,0,0,1.0,0.999976,1,1,1.0,1,0,-0.999982,0,0,1.0,0.999988,1,1,1.0,1,0,-0.99999,0,0,1.0,0.999993,1,1,1.0,1,0,-0.99999,0,0,1.0,0.999993,1,1,1.0,1,0,1,0,0.134597,-0.911872,0,0
non_hate_video_344,0,220.428,0,0,0.0,,472,0,Others,-0.999969,0,0,1.0,0.999983,1,1,1.0,0,0,-0.999987,0,0,1.0,0.999994,1,1,1.0,0,0,-0.999959,0,0,1.0,0.999979,1,1,1.0,0,0,-0.999984,0,0,1.0,0.999996,1,1,1.0,0,0,-0.999991,0,0,1.0,0.999994,1,1,1.0,0,0,-0.999991,0,0,1.0,0.999994,1,1,1.0,0,0,0,0,-0.597419,-0.86712,0,0
non_hate_video_348,0,138.972,0,0,0.0,,27,0,Blacks,-0.999963,0,0,1.0,0.999969,1,1,1.0,0,0,-0.999983,0,0,1.0,0.999989,1,1,1.0,0,0,-0.999955,0,0,1.0,0.999972,1,1,1.0,0,0,-0.99998,0,0,1.0,0.999987,1,1,1.0,0,0,-0.999982,0,0,1.0,0.999989,1,1,1.0,0,0,-0.999982,0,0,1.0,0.999989,1,1,1.0,0,0,0,0,-0.71093,-0.82428,0,0
non_hate_video_349,0,66.131,0,0,0.0,,3,0,Blacks,-0.999913,0,0,1.0,0.999952,1,1,1.0,0,0,-0.999954,0,0,1.0,0.999975,1,1,1.0,0,0,-0.999935,0,0,1.0,0.999965,1,1,1.0,0,0,-0.999971,0,0,1.0,0.999981,1,1,1.0,0,0,-0.999969,0,0,1.0,0.999985,1,1,1.0,0,0,-0.999969,0,0,1.0,0.999985,1,1,1.0,0,0,0,0,-0.076297,-0.584322,0,0
non_hate_video_356,0,999.432,0,0,0.0,,2375,0,Others,-0.999959,0,0,1.0,0.999982,1,1,1.0,1,0,-0.999979,0,0,1.0,0.999988,1,1,1.0,1,0,-0.999942,0,0,1.0,0.999974,1,1,1.0,0,0,-0.999984,0,0,1.0,0.999994,1,1,1.0,1,0,-0.999987,0,0,1.0,0.999996,1,1,1.0,1,0,-0.999987,0,0,1.0,0.999996,1,1,1.0,1,0,1,0,0.005765,-0.957862,0,0
hate_video_270,1,207.842,7,86.0,0.4138,2,123,0,Blacks,0.999946,1,0,1.0,0.99996,1,1,1.0,1,1,0.999946,1,0,1.0,0.999961,1,1,1.0,1,1,0.904649,1,0,0.95,0.999926,1,1,0.9524,1,1,0.952343,1,0,0.95,0.999975,1,1,0.9762,1,1,0.99998,1,0,1.0,0.999988,1,1,1.0,1,1,0.99998,1,0,1.0,0.999988,1,1,1.0,1,1,1,1,0.100902,0.700314,0,0
hate_video_273,1,181.376,4,22.0,0.1213,1,330,0,Blacks,0.999656,1,0,1.0,0.999908,1,1,1.0,0,1,0.799773,1,0,0.9,0.999832,1,1,0.9,0,1,0.656418,1,0,0.9,0.99972,1,1,0.8286,1,1,0.999745,1,0,1.0,0.999969,1,1,1.0,0,1,0.828444,1,0,0.95,0.999978,1,1,0.9143,0,1,0.828444,1,0,0.95,0.999978,1,1,0.9143,0,1,0,1,-0.039519,0.871646,0,0
hate_video_274,1,17.767,1,5.0,0.2814,2,15,0,Blacks,0.999868,1,0,1.0,0.99991,1,1,1.0,1,1,0.86656,1,0,0.95,0.999927,1,1,0.9333,1,1,0.742468,1,0,0.9,0.999792,1,1,0.8714,1,1,0.999853,1,0,1.0,0.999959,1,1,1.0,1,1,0.999962,1,0,1.0,0.999986,1,1,1.0,1,1,0.999962,1,0,1.0,0.999986,1,1,1.0,1,1,1,1,0.780588,0.704225,0,0
non_hate_video_360,0,445.375,0,0,0.0,,128,0,Others,-0.732449,0,0,0.85,0.999589,1,1,0.8667,0,0,-0.551927,0,0,0.8,0.999848,1,1,0.7762,0,0,-0.723433,0,0,0.9,0.999793,1,1,0.8619,0,0,-0.866401,0,0,0.85,0.999903,1,1,0.9333,0,0,-0.766556,0,0,0.8,0.9997,1,1,0.8857,0,0,-0.766556,0,0,0.8,0.9997,1,1,0.8857,0,0,0,1,-0.338207,0.498342,0,0
hate_video_275,1,45.014,3,10.0,0.2222,2,52,0,Blacks,0.999887,1,0,1.0,0.999958,1,1,1.0,0,1,0.999879,1,0,1.0,0.999944,1,1,1.0,0,1,0.932921,1,0,0.95,0.999792,1,1,0.9667,0,1,0.999875,1,0,1.0,0.999935,1,1,1.0,0,1,0.999957,1,0,1.0,0.999974,1,1,1.0,0,1,0.999957,1,0,1.0,0.999974,1,1,1.0,0,1,0,1,-0.525492,0.972347,0,0
hate_video_276,1,17.485,1,2.0,0.1144,1,12,0,Blacks,-0.828018,0,1,0.15,0.999728,0,7,0.0857,0,0,-0.552253,0,1,0.2,0.999922,0,3,0.2238,0,0,-0.952247,0,1,0.05,0.999925,0,16,0.0238,0,0,-0.885369,0,1,0.1,0.999847,0,14,0.0571,0,0,-0.912235,0,1,0.1,0.999712,0,13,0.0429,0,0,-0.912235,0,1,0.1,0.999712,0,13,0.0429,0,0,0,0,-0.726135,-0.318887,3,3
hate_video_277,1,283.183,4,31.0,0.1095,0,308,0,Blacks,0.86656,1,0,0.95,0.999929,1,1,0.9333,1,1,0.828452,1,0,0.9,0.999941,1,1,0.9143,1,1,0.87582,1,0,0.9,0.999878,1,1,0.9381,1,1,0.999834,1,0,1.0,0.999952,1,1,1.0,1,1,0.885667,1,0,0.95,0.99997,1,1,0.9429,1,1,0.885667,1,0,0.95,0.99997,1,1,0.9429,1,1,1,1,0.211047,0.866808,0,0
hate_video_279,1,14.467,1,8.0,0.553,4,6,0,Blacks,-0.52293,0,1,0.2,0.999772,1,1,0.2381,1,0,-0.456424,0,1,0.2,0.999673,1,1,0.2714,1,0,-0.895117,0,1,0.05,0.99992,0,10,0.0524,1,0,-0.276007,0,1,0.3,0.999933,1,1,0.3619,0,0,-0.797744,0,1,0.1,0.999792,0,6,0.1,1,0,-0.797744,0,1,0.1,0.999792,0,6,0.1,1,0,0,0,-0.22781,-0.548486,3,3
non_hate_video_376,0,829.301,0,0,0.0,,2399,0,Blacks,-0.627141,0,0,0.8,0.99909,1,1,0.8143,1,0,-0.684787,0,0,0.85,0.999836,1,1,0.8429,1,0,-0.552075,0,0,0.65,0.999755,1,1,0.7762,1,0,-0.618273,0,0,0.8,0.999817,1,1,0.8095,1,0,-0.872144,0,0,0.9,0.999613,1,1,0.9381,1,0,-0.872144,0,0,0.9,0.999613,1,1,0.9381,1,0,1,1,0.486414,0.191712,0,0
hate_video_282,1,65.622,1,10.0,0.1524,1,112,0,Blacks,0.675584,1,0,0.9,0.999574,0,2,0.8381,1,1,0.932741,1,0,0.95,0.999685,1,1,0.9667,1,1,0.653653,1,0,0.85,0.998593,1,1,0.8286,1,1,0.999752,1,0,1.0,0.999874,1,1,1.0,1,1,0.676074,1,0,0.8,0.999949,1,1,0.8381,1,1,0.676074,1,0,0.8,0.999949,1,1,0.8381,1,1,1,1,0.924826,0.44425,0,0
hate_video_283,1,271.999,8,131.0,0.4816,3,528,0,Blacks,0.9999,1,0,1.0,0.999943,1,1,1.0,1,1,0.99991,1,0,1.0,0.999956,1,1,1.0,1,1,0.790075,1,0,0.9,0.999727,1,1,0.8952,1,1,0.999905,1,0,1.0,0.999963,1,1,1.0,1,1,0.838038,1,0,0.95,0.999948,1,1,0.919,1,1,0.838038,1,0,0.95,0.999948,1,1,0.919,1,1,1,1,0.923663,0.855939,0,0
hate_video_284,1,297.314,19,75.0,0.2523,2,771,0,Blacks,0.875794,1,0,0.95,0.999826,1,1,0.9381,1,1,0.771099,1,0,0.9,0.999815,1,1,0.8857,1,1,0.693097,1,0,0.85,0.999215,1,1,0.8476,1,1,0.789616,1,0,0.9,0.999707,0,2,0.8952,1,1,0.618888,1,0,0.8,0.999872,0,2,0.8095,1,1,0.618888,1,0,0.8,0.999872,0,2,0.8095,1,1,1,1,0.032787,0.972812,0,0
non_hate_video_384,0,42.251,0,0,0.0,,141,0,Blacks,-0.999962,0,0,1.0,0.999974,1,1,1.0,0,0,-0.999983,0,0,1.0,0.999992,1,1,1.0,0,0,-0.999952,0,0,1.0,0.999972,1,1,1.0,0,0,-0.999978,0,0,1.0,0.999986,1,1,1.0,0,0,-0.999982,0,0,1.0,0.999991,1,1,1.0,0,0,-0.999982,0,0,1.0,0.999991,1,1,1.0,0,0,0,0,-0.296575,-0.926306,0,0
non_hate_video_391,0,15.07,0,0,0.0,,5,0,Blacks,-0.999957,0,0,1.0,0.999975,1,1,1.0,0,0,-0.999987,0,0,1.0,0.999993,1,1,1.0,0,0,-0.999953,0,0,1.0,0.999967,1,1,1.0,0,0,-0.999979,0,0,1.0,0.999989,1,1,1.0,0,0,-0.999983,0,0,1.0,0.999991,1,1,1.0,0,0,-0.999983,0,0,1.0,0.999991,1,1,1.0,0,0,0,0,-0.361745,-0.789556,0,0
non_hate_video_392,0,45.396,0,0,0.0,,0,1,Blacks,-0.999941,0,0,1.0,0.999959,1,1,1.0,0,0,-0.999976,0,0,1.0,0.999986,1,1,1.0,0,0,-0.999963,0,0,1.0,0.999974,1,1,1.0,0,0,-0.999972,0,0,1.0,0.999989,1,1,1.0,0,0,-0.999977,0,0,1.0,0.999987,1,1,1.0,0,0,-0.999977,0,0,1.0,0.999987,1,1,1.0,0,0,0,0,-0.322245,-0.943506,0,0
hate_video_291,1,148.708,11,104.0,0.6994,5,222,0,Blacks,0.82847,1,0,0.95,0.999957,1,1,0.9143,0,1,0.999884,1,0,1.0,0.999966,1,1,1.0,0,1,0.990204,1,0,0.95,0.999837,1,1,0.9952,0,1,0.999848,1,0,1.0,0.99993,1,1,1.0,0,1,0.99996,1,0,1.0,0.999986,1,1,1.0,0,1,0.99996,1,0,1.0,0.999986,1,1,1.0,0,1,0,1,-0.370993,0.673906,0,0
hate_video_294,1,145.367,1,140.0,0.9631,6,219,0,Blacks,0.904659,1,0,0.95,0.99995,1,1,0.9524,0,1,0.999909,1,0,1.0,0.999965,1,1,1.0,0,1,0.942653,1,0,0.95,0.999862,1,1,0.9714,0,1,0.904697,1,0,0.95,0.999964,1,1,0.9524,0,1,0.87616,1,0,0.95,0.999984,1,1,0.9381,0,1,0.87616,1,0,0.95,0.999984,1,1,0.9381,0,1,0,1,-0.455147,0.748976,0,0
hate_video_295,1,187.319,1,143.0,0.7634,5,203,0,Others,-0.538275,0,1,0.3,0.997869,0,3,0.2286,1,1,-0.292234,0,1,0.35,0.998923,0,4,0.3524,0,1,-0.542375,0,1,0.35,0.999331,0,7,0.2286,1,0,0.028928,1,0,0.45,0.999307,1,1,0.5143,0,1,-0.323523,0,1,0.4,0.99947,0,5,0.3381,0,1,-0.323523,0,1,0.4,0.99947,0,5,0.3381,0,1,1,1,0.017067,0.528708,2,3
non_hate_video_399,0,144.52,0,0,0.0,,7,0,Others,-0.541964,0,0,0.85,0.999626,0,3,0.7714,1,0,-0.466094,0,0,0.8,0.999691,1,1,0.7333,1,0,-0.514195,0,0,0.85,0.999884,1,1,0.7571,1,0,-0.599008,0,0,0.8,0.999786,1,1,0.8,1,0,-0.853144,0,0,0.9,0.999553,1,1,0.9286,1,0,-0.853144,0,0,0.9,0.999553,1,1,0.9286,1,0,1,0,0.389564,-0.78856,0,0
non_hate_video_400,0,86.486,0,0,0.0,,120,0,Blacks,0.82844,1,1,0.05,0.99992,0,3,0.0857,0,1,0.999873,1,1,0.0,0.999916,0,0,0.0,0,1,0.999306,1,1,0.0,0.999645,0,0,0.0,0,1,0.999868,1,1,0.0,0.999954,0,0,0.0,0,1,0.999954,1,1,0.0,0.999973,0,0,0.0,0,1,0.999954,1,1,0.0,0.999973,0,0,0.0,0,1,0,1,-0.585788,0.767863,3,3
hate_video_299,1,40.426,1,18.0,0.4453,3,49,0,,0.952318,1,0,0.9,0.999982,1,1,0.9762,1,1,0.885647,1,0,0.95,0.999976,1,1,0.9429,1,1,0.885556,1,0,0.95,0.99992,1,1,0.9429,1,1,0.999943,1,0,1.0,0.999984,1,1,1.0,1,1,0.999966,1,0,1.0,0.999984,1,1,1.0,1,1,0.999966,1,0,1.0,0.999984,1,1,1.0,1,1,1,1,0.933111,0.972029,0,0
hate_video_300,1,139.505,2,63.0,0.4516,2,369,0,Blacks,0.231661,1,0,0.65,0.997485,0,3,0.619,0,1,0.355103,1,0,0.75,0.998539,1,1,0.681,0,1,-0.247194,0,1,0.3,0.999588,1,1,0.3762,0,1,0.38688,1,0,0.75,0.999698,0,2,0.6952,0,1,0.475081,1,0,0.75,0.999494,0,2,0.7381,0,1,0.475081,1,0,0.75,0.999494,0,2,0.7381,0,1,0,1,-0.716253,0.476129,0,1
hate_video_303,1,215.216,1,205.0,0.9525,6,231,0,Blacks,0.542336,1,0,0.75,0.999672,0,2,0.7714,0,1,0.637305,1,0,0.9,0.999855,0,2,0.819,0,1,0.797847,1,0,0.9,0.999268,1,1,0.9,0,1,0.760789,1,0,0.9,0.999839,1,1,0.881,0,1,0.904673,1,0,0.95,0.999946,1,1,0.9524,0,1,0.904673,1,0,0.95,0.999946,1,1,0.9524,0,1,0,1,-0.494305,0.968354,0,0
hate_video_304,1,238.887,2,31.0,0.1298,0,119,0,Muslims,-0.999881,0,1,0.0,0.999939,0,0,0.0,0,0,-0.895197,0,1,0.05,0.999967,0,10,0.0524,0,0,-0.742785,0,1,0.1,0.99995,0,5,0.1286,0,0,-0.999958,0,1,0.0,0.999982,0,0,0.0,1,0,-0.961854,0,1,0.05,0.99996,0,17,0.019,1,0,-0.961854,0,1,0.05,0.99996,0,17,0.019,1,0,1,0,0.001396,-0.673905,3,3
non_hate_video_413,0,33.288,0,0,0.0,,3,0,Others,-0.999962,0,0,1.0,0.999976,1,1,1.0,0,0,-0.999974,0,0,1.0,0.999981,1,1,1.0,0,0,-0.999964,0,0,1.0,0.999974,1,1,1.0,0,0,-0.999974,0,0,1.0,0.999987,1,1,1.0,0,0,-0.999968,0,0,1.0,0.999984,1,1,1.0,0,0,-0.999968,0,0,1.0,0.999984,1,1,1.0,0,0,0,0,-0.657919,-0.753394,0,0
non_hate_video_415,0,135.287,0,0,0.0,,127,0,Others,-0.999939,0,0,1.0,0.999955,1,1,1.0,0,0,-0.999977,0,0,1.0,0.999986,1,1,1.0,0,0,-0.876138,0,0,0.9,0.999953,1,1,0.9381,0,0,-0.895206,0,0,0.95,0.999983,1,1,0.9476,0,0,-0.876151,0,0,0.95,0.999978,1,1,0.9381,0,0,-0.876151,0,0,0.95,0.999978,1,1,0.9381,0,0,0,0,-0.507681,-0.583393,0,0
non_hate_video_417,0,220.891,0,0,0.0,,433,0,Others,-0.999848,0,0,1.0,0.99995,1,1,1.0,1,0,-0.961835,0,0,0.95,0.999948,1,1,0.981,1,0,-0.790391,0,0,0.8,0.999951,1,1,0.8952,1,0,-0.999936,0,0,1.0,0.999977,1,1,1.0,1,0,-0.828514,0,0,0.95,0.999965,1,1,0.9143,1,0,-0.828514,0,0,0.95,0.999965,1,1,0.9143,1,0,1,0,0.348923,-0.054377,0,0
non_hate_video_423,0,196.083,0,0,0.0,,178,0,Others,-0.999976,0,0,1.0,0.999985,1,1,1.0,0,0,-0.99999,0,0,1.0,0.999995,1,1,1.0,0,0,-0.99996,0,0,1.0,0.99997,1,1,1.0,0,0,-0.999985,0,0,1.0,0.999994,1,1,1.0,0,0,-0.999992,0,0,1.0,0.999996,1,1,1.0,0,0,-0.999992,0,0,1.0,0.999996,1,1,1.0,0,0,0,0,-0.70524,-0.774542,0,0
non_hate_video_431,0,70.267,0,0,0.0,,3,0,Others,-0.99997,0,0,1.0,0.999981,1,1,1.0,0,0,-0.999988,0,0,1.0,0.999993,1,1,1.0,0,0,-0.999962,0,0,1.0,0.999973,1,1,1.0,0,0,-0.999983,0,0,1.0,0.999991,1,1,1.0,0,0,-0.999988,0,0,1.0,0.999993,1,1,1.0,0,0,-0.999988,0,0,1.0,0.999993,1,1,1.0,0,0,0,0,-0.799349,-0.929837,0,0
non_hate_video_432,0,444.834,0,0,0.0,,212,0,Others,-0.952197,0,0,0.95,0.999866,1,1,0.9762,1,0,-0.999927,0,0,1.0,0.999952,1,1,1.0,1,0,-0.933209,0,0,0.95,0.999914,1,1,0.9667,0,0,-0.780903,0,0,0.9,0.99996,1,1,0.8905,1,0,-0.733087,0,0,0.9,0.99987,1,1,0.8667,1,0,-0.733087,0,0,0.9,0.99987,1,1,0.8667,1,0,0,1,-0.105998,0.07826,0,0
hate_video_317,1,98.722,1,72.0,0.7293,5,197,0,Whites,-0.790174,0,1,0.1,0.999828,0,5,0.1048,0,0,-0.999857,0,1,0.0,0.999928,0,0,0.0,0,0,-0.666467,0,1,0.2,0.999837,0,3,0.1667,0,0,-0.561618,0,1,0.2,0.999908,0,4,0.219,1,0,-0.731181,0,1,0.1,0.999695,0,4,0.1333,0,0,-0.731181,0,1,0.1,0.999695,0,4,0.1333,0,0,0,0,-0.136194,-0.009093,3,3
hate_video_318,1,17.578,1,16.0,0.9102,6,52,0,Blacks,0.971365,1,0,0.95,0.99997,1,1,0.9857,0,1,0.904702,1,0,0.95,0.999975,1,1,0.9524,0,1,0.942691,1,0,0.95,0.999902,1,1,0.9714,0,1,0.923764,1,0,0.95,0.999985,1,1,0.9619,0,1,0.999964,1,0,1.0,0.999984,1,1,1.0,0,1,0.999964,1,0,1.0,0.999984,1,1,1.0,0,1,0,1,-0.502725,0.943004,0,0
non_hate_video_441,0,208.598,0,0,0.0,,402,0,Jews,-0.694554,0,0,0.8,0.999648,1,1,0.8476,0,0,-0.685447,0,0,0.8,0.999892,1,1,0.8429,0,0,-0.694978,0,0,0.8,0.999829,1,1,0.8476,0,0,-0.770763,0,0,0.9,0.999884,1,1,0.8857,0,0,-0.502694,0,0,0.75,0.999739,1,1,0.7524,0,0,-0.502694,0,0,0.75,0.999739,1,1,0.7524,0,0,0,1,-0.535507,0.543322,0,0
hate_video_321,1,127.449,1,115.0,0.9023,6,195,0,Blacks,0.513823,1,0,0.75,0.999749,1,1,0.7571,1,1,0.635781,1,0,0.85,0.999605,0,2,0.819,1,1,0.826635,1,0,0.95,0.999558,1,1,0.9143,1,1,0.8182,1,0,0.9,0.99975,1,1,0.9095,1,1,0.875791,1,0,0.95,0.999887,1,1,0.9381,1,1,0.875791,1,0,0.95,0.999887,1,1,0.9381,1,1,0,1,-0.233386,0.777018,0,0
non_hate_video_444,0,122.811,0,0,0.0,,161,0,Others,-0.809357,0,0,0.9,0.999913,1,1,0.9048,0,0,-0.904662,0,0,0.95,0.999952,1,1,0.9524,0,0,-0.999889,0,0,1.0,0.999935,1,1,1.0,0,0,-0.980815,0,0,0.95,0.999948,1,1,0.9905,0,0,-0.666418,0,0,0.8,0.999896,1,1,0.8333,0,0,-0.666418,0,0,0.8,0.999896,1,1,0.8333,0,0,0,0,-0.493084,-0.000254,0,0
hate_video_327,1,44.971,1,41.0,0.9117,6,96,0,Whites,0.837936,1,0,0.9,0.999926,1,1,0.919,1,1,0.895001,1,0,0.95,0.999891,1,1,0.9476,1,1,0.92287,1,0,0.9,0.999679,1,1,0.9619,1,1,0.904631,1,0,0.9,0.999961,1,1,0.9524,1,1,0.818998,1,0,0.95,0.999973,1,1,0.9095,1,1,0.818998,1,0,0.95,0.999973,1,1,0.9095,1,1,1,1,0.477234,0.75066,0,0
hate_video_329,1,7.129,1,5.0,0.7014,5,0,1,Blacks,-0.714126,0,1,0.1,0.999914,1,1,0.1429,0,0,-0.838004,0,1,0.05,0.999957,0,4,0.081,0,0,-0.580898,0,1,0.2,0.999987,1,1,0.2095,1,0,-0.790336,0,1,0.1,0.999958,0,3,0.1048,1,0,-0.618817,0,1,0.15,0.999942,0,3,0.1905,1,0,-0.618817,0,1,0.15,0.999942,0,3,0.1905,1,0,0,0,-0.04929,-0.318483,3,3
hate_video_330,1,208.28,1,189.0,0.9074,6,288,0,"Blacks,Muslims",0.799976,1,0,0.9,0.999983,1,1,0.9,1,1,0.933301,1,0,0.95,0.999986,1,1,0.9667,1,1,0.86656,1,0,0.95,0.999925,1,1,0.9333,1,1,0.971388,1,0,0.95,0.999984,1,1,0.9857,1,1,0.895217,1,0,0.95,0.999986,1,1,0.9476,1,1,0.895217,1,0,0.95,0.999986,1,1,0.9476,1,1,1,1,0.909323,0.965619,0,0
non_hate_video_456,0,8.384,0,0,0.0,,10,0,Others,-0.999958,0,0,1.0,0.999975,1,1,1.0,0,0,-0.999985,0,0,1.0,0.999992,1,1,1.0,0,0,-0.999974,0,0,1.0,0.999984,1,1,1.0,0,0,-0.999985,0,0,1.0,0.999993,1,1,1.0,0,0,-0.999985,0,0,1.0,0.999993,1,1,1.0,0,0,-0.999985,0,0,1.0,0.999993,1,1,1.0,0,0,0,0,-0.828809,-0.719141,0,0
hate_video_337,1,112.548,1,109.0,0.9685,7,240,0,Blacks,0.83802,1,0,0.95,0.999951,1,1,0.919,1,1,0.8285,1,0,0.95,0.999952,1,1,0.9143,1,1,0.761333,1,0,0.9,0.999694,1,1,0.881,1,1,0.999879,1,0,1.0,0.999964,1,1,1.0,1,1,0.819021,1,0,0.95,0.999984,1,1,0.9095,1,1,0.819021,1,0,0.95,0.999984,1,1,0.9095,1,1,1,1,0.576727,0.951935,0,0
non_hate_video_458,0,226.349,0,0,0.0,,6,0,Muslims,-0.723366,0,0,0.85,0.999757,1,1,0.8619,0,0,-0.685418,0,0,0.8,0.999768,1,1,0.8429,0,0,-0.733247,0,0,0.9,0.999929,1,1,0.8667,0,0,-0.914058,0,0,0.95,0.999953,1,1,0.9571,0,0,-0.836986,0,0,0.9,0.99975,1,1,0.919,0,0,-0.836986,0,0,0.9,0.99975,1,1,0.919,0,0,0,0,-0.401574,-0.607063,0,0
non_hate_video_459,0,142.379,0,0,0.0,,156,0,Others,-0.856931,0,0,0.9,0.999908,1,1,0.9286,0,0,-0.999899,0,0,1.0,0.999942,1,1,1.0,0,0,-0.847485,0,0,0.95,0.999933,1,1,0.9238,0,0,-0.999918,0,0,1.0,0.999967,1,1,1.0,0,0,-0.999915,0,0,1.0,0.999963,1,1,1.0,0,0,-0.999915,0,0,1.0,0.999963,1,1,1.0,0,0,0,0,-0.093693,-0.315848,0,0
non_hate_video_471,0,13.342,0,0,0.0,,15,0,Jews,-0.999965,0,0,1.0,0.999975,1,1,1.0,0,0,-0.999985,0,0,1.0,0.999989,1,1,1.0,0,0,-0.999966,0,0,1.0,0.999975,1,1,1.0,0,0,-0.999985,0,0,1.0,0.999992,1,1,1.0,0,0,-0.999984,0,0,1.0,0.999992,1,1,1.0,0,0,-0.999984,0,0,1.0,0.999992,1,1,1.0,0,0,0,0,-0.755171,-0.52479,0,0
hate_video_347,1,13.76,1,13.0,0.9448,7,28,0,Blacks,0.701061,1,0,0.85,0.998529,1,1,0.8524,0,1,0.559501,1,0,0.75,0.999565,0,2,0.781,0,1,0.341709,1,0,0.65,0.998767,1,1,0.6714,0,1,0.512269,1,0,0.8,0.999693,1,1,0.7571,0,1,0.475379,1,0,0.75,0.999826,0,2,0.7381,0,1,0.475379,1,0,0.75,0.999826,0,2,0.7381,0,1,0,1,-0.328255,0.72629,0,0
hate_video_348,1,41.972,1,28.0,0.6671,4,72,0,Blacks,0.999941,1,0,1.0,0.999966,1,1,1.0,1,1,0.971362,1,0,0.95,0.999945,1,1,0.9857,1,1,0.999865,1,0,1.0,0.999927,1,1,1.0,1,1,0.952324,1,0,0.95,0.999968,1,1,0.9762,1,1,0.971396,1,0,0.95,0.999977,1,1,0.9857,1,1,0.971396,1,0,0.95,0.999977,1,1,0.9857,1,1,1,1,0.278437,0.971722,0,0
non_hate_video_496,0,33.899,0,0,0.0,,0,1,Muslims,-0.999976,0,0,1.0,0.999986,1,1,1.0,0,0,-0.999987,0,0,1.0,0.999996,1,1,1.0,0,0,-0.999972,0,0,1.0,0.999984,1,1,1.0,0,0,-0.999986,0,0,1.0,0.999995,1,1,1.0,0,0,-0.999991,0,0,1.0,0.999995,1,1,1.0,0,0,-0.999991,0,0,1.0,0.999995,1,1,1.0,0,0,0,0,-0.758273,-0.950209,0,0
non_hate_video_497,0,42.71,0,0,0.0,,48,0,Blacks,-0.971199,0,0,0.9,0.999896,1,1,0.9857,0,0,-0.999928,0,0,1.0,0.999969,1,1,1.0,0,0,-0.63799,0,0,0.75,0.999909,1,1,0.819,0,0,-0.828491,0,0,0.9,0.999962,1,1,0.9143,0,0,-0.856923,0,0,0.9,0.999899,1,1,0.9286,0,0,-0.856923,0,0,0.9,0.999899,1,1,0.9286,0,0,0,1,-0.274413,0.4456,0,0
hate_video_349,1,112.575,1,104.0,0.9238,7,266,0,Blacks,0.999802,1,0,1.0,0.999843,1,1,1.0,1,1,0.847462,1,0,0.9,0.999909,1,1,0.9238,1,1,0.997946,1,0,1.0,0.999295,1,1,1.0,1,1,0.999785,1,0,1.0,0.999887,1,1,1.0,1,1,0.933274,1,0,0.95,0.999971,1,1,0.9667,1,1,0.933274,1,0,0.95,0.999971,1,1,0.9667,1,1,1,1,0.723946,0.891083,0,0
non_hate_video_501,0,205.706,0,0,0.0,,180,0,Blacks,-0.99995,0,0,1.0,0.999967,1,1,1.0,1,0,-0.99998,0,0,1.0,0.999986,1,1,1.0,1,0,-0.999941,0,0,1.0,0.999953,1,1,1.0,1,0,-0.999983,0,0,1.0,0.999987,1,1,1.0,1,0,-0.999972,0,0,1.0,0.99998,1,1,1.0,1,0,-0.999972,0,0,1.0,0.99998,1,1,1.0,1,0,1,0,0.161301,-0.895429,0,0
non_hate_video_503,0,188.593,0,0,0.0,,180,0,Blacks,-0.933242,0,0,0.95,0.999932,1,1,0.9667,0,0,-0.999956,0,0,1.0,0.999975,1,1,1.0,0,0,-0.990389,0,0,0.95,0.999948,1,1,0.9952,0,0,-0.999956,0,0,1.0,0.999968,1,1,1.0,0,0,-0.99042,0,0,0.95,0.999961,1,1,0.9952,0,0,-0.99042,0,0,0.95,0.999961,1,1,0.9952,0,0,0,0,-0.676675,-0.636831,0,0
hate_video_355,1,186.516,2,120.0,0.6434,4,473,0,Blacks,0.866582,1,0,0.95,0.99995,1,1,0.9333,1,1,0.999893,1,0,1.0,0.999975,1,1,1.0,1,1,0.713919,1,0,0.9,0.99985,1,1,0.8571,1,1,0.847509,1,0,0.95,0.999975,1,1,0.9238,1,1,0.999963,1,0,1.0,0.999987,1,1,1.0,1,1,0.999963,1,0,1.0,0.999987,1,1,1.0,1,1,1,1,0.703315,0.782277,0,0
hate_video_356,1,121.0,1,112.0,0.9256,6,294,0,Blacks,0.799952,1,0,0.9,0.999965,1,1,0.9,1,1,0.999932,1,0,1.0,0.999959,1,1,1.0,1,1,0.999886,1,0,1.0,0.999934,1,1,1.0,1,1,0.999946,1,0,1.0,0.999981,1,1,1.0,1,1,0.999965,1,0,1.0,0.999991,1,1,1.0,1,1,0.999965,1,0,1.0,0.999991,1,1,1.0,1,1,1,1,0.668946,0.939178,0,0
non_hate_video_512,0,386.208,0,0,0.0,,13,0,Others,-0.999944,0,0,1.0,0.99996,1,1,1.0,0,0,-0.999974,0,0,1.0,0.99998,1,1,1.0,0,0,-0.999947,0,0,1.0,0.999959,1,1,1.0,0,0,-0.999975,0,0,1.0,0.999982,1,1,1.0,0,0,-0.999968,0,0,1.0,0.99998,1,1,1.0,0,0,-0.999968,0,0,1.0,0.99998,1,1,1.0,0,0,0,0,-0.54155,-0.761063,0,0
non_hate_video_516,0,15.883,0,0,0.0,,0,1,Blacks,-0.980864,0,0,0.95,0.999962,1,1,0.9905,0,0,-0.971394,0,0,0.95,0.999987,1,1,0.9857,0,0,-0.809489,0,0,0.9,0.999976,1,1,0.9048,0,0,-0.86662,0,0,0.95,0.999986,1,1,0.9333,0,0,-0.876152,0,0,0.95,0.999984,1,1,0.9381,0,0,-0.876152,0,0,0.95,0.999984,1,1,0.9381,0,0,0,0,-0.507938,-0.961989,0,0
hate_video_360,1,85.398,1,62.0,0.726,5,174,0,Blacks,0.990421,1,0,0.95,0.999968,1,1,0.9952,1,1,0.99993,1,0,1.0,0.999963,1,1,1.0,1,1,0.961806,1,0,0.95,0.999969,1,1,0.981,1,1,0.885683,1,0,0.95,0.999983,1,1,0.9429,1,1,0.999972,1,0,1.0,0.999987,1,1,1.0,1,1,0.999972,1,0,1.0,0.999987,1,1,1.0,1,1,1,1,0.857517,0.979429,0,0
hate_video_362,1,184.019,2,12.0,0.0652,0,138,0,['Jews'],0.321179,1,0,0.7,0.998993,1,1,0.6619,0,1,0.336672,1,0,0.65,0.998139,1,1,0.6714,0,1,0.371135,1,0,0.6,0.999366,0,2,0.6857,1,0,0.388232,1,0,0.7,0.999819,1,1,0.6952,0,1,0.723315,1,0,0.85,0.99992,1,1,0.8619,0,1,0.723315,1,0,0.85,0.99992,1,1,0.8619,0,1,0,1,-0.15249,0.650439,0,0
hate_video_365,1,94.436,1,8.0,0.0847,1,131,0,['Others'],-0.999976,0,1,0.0,0.999987,0,0,0.0,0,0,-0.999991,0,1,0.0,0.999993,0,0,0.0,0,0,-0.999959,0,1,0.0,0.999968,0,0,0.0,0,0,-0.999987,0,1,0.0,0.999993,0,0,0.0,0,0,-0.99999,0,1,0.0,0.999994,0,0,0.0,0,0,-0.99999,0,1,0.0,0.999994,0,0,0.0,0,0,0,0,-0.714372,-0.83306,3,3
non_hate_video_524,0,201.828,0,0,0.0,,459,0,[],-0.933233,0,0,0.95,0.999946,1,1,0.9667,0,0,-0.999953,0,0,1.0,0.999971,1,1,1.0,0,0,-0.999904,0,0,1.0,0.999942,1,1,1.0,0,0,-0.819012,0,0,0.95,0.999989,1,1,0.9095,0,0,-0.999935,0,0,1.0,0.999963,1,1,1.0,0,0,-0.999935,0,0,1.0,0.999963,1,1,1.0,0,0,0,0,-0.822926,-0.219803,0,0
non_hate_video_528,0,128.513,0,0,0.0,,72,0,[],0.570949,1,1,0.25,0.999657,0,2,0.2143,1,1,0.951923,1,1,0.1,0.99979,0,18,0.0238,1,1,0.530257,1,1,0.25,0.999237,0,3,0.2333,1,1,0.771008,1,1,0.15,0.999869,0,9,0.1143,1,1,0.533217,1,1,0.2,0.999927,0,2,0.2333,1,1,0.533217,1,1,0.2,0.999927,0,2,0.2333,1,1,1,1,0.367714,0.569769,3,3
hate_video_368,1,153.024,1,113.0,0.7384,5,295,0,['Jews'],0.942839,1,0,0.95,0.999988,1,1,0.9714,1,1,0.923787,1,0,0.95,0.99999,1,1,0.9619,1,1,0.99994,1,0,1.0,0.999978,1,1,1.0,1,1,0.828526,1,0,0.95,0.999989,1,1,0.9143,1,1,0.685703,1,0,0.9,0.999992,1,1,0.8429,1,1,0.685703,1,0,0.9,0.999992,1,1,0.8429,1,1,1,1,0.240939,0.978751,0,0
hate_video_375,1,202.665,2,138.0,0.6809,5,571,0,['Jews'],0.99988,1,0,1.0,0.999925,1,1,1.0,0,1,0.895156,1,0,0.95,0.999963,1,1,0.9476,0,1,0.68524,1,0,0.9,0.999696,1,1,0.8429,0,1,0.99991,1,0,1.0,0.999967,1,1,1.0,0,1,0.866633,1,0,0.95,0.999981,1,1,0.9333,0,1,0.866633,1,0,0.95,0.999981,1,1,0.9333,0,1,0,1,-0.741522,0.948961,0,0
hate_video_377,1,27.994,1,14.0,0.5001,3,80,0,['Jews'],0.904308,1,0,0.95,0.999756,1,1,0.9524,0,1,0.847219,1,0,0.95,0.999827,1,1,0.9238,0,1,0.757112,1,0,0.85,0.998132,1,1,0.881,0,1,0.91414,1,0,0.9,0.999943,1,1,0.9571,0,1,0.866576,1,0,0.95,0.999953,1,1,0.9333,0,1,0.866576,1,0,0.95,0.999953,1,1,0.9333,0,1,0,1,-0.788792,0.3996,0,0
non_hate_video_541,0,73.794,0,0,0.0,,167,0,[],-0.999958,0,0,1.0,0.999999,1,1,1.0,0,0,-0.999977,0,0,1.0,1.0,1,1,1.0,0,0,-0.999955,0,0,1.0,0.999999,1,1,1.0,0,0,-0.999964,0,0,1.0,0.999999,1,1,1.0,0,0,-0.999986,0,0,1.0,1.0,1,1,1.0,0,0,-0.999986,0,0,1.0,1.0,1,1,1.0,0,0,0,0,-0.53672,-0.931659,0,0
non_hate_video_542,0,63.785,0,0,0.0,,168,0,[],-0.999876,0,0,1.0,0.999933,1,1,1.0,1,0,-0.999934,0,0,1.0,0.999962,1,1,1.0,1,0,-0.857045,0,0,0.85,0.999939,1,1,0.9286,1,0,-0.676123,0,0,0.85,0.999937,1,1,0.8381,1,0,-0.99031,0,0,0.95,0.999919,1,1,0.9952,1,0,-0.99031,0,0,0.95,0.999919,1,1,0.9952,1,0,1,1,0.125846,0.135771,0,0
non_hate_video_549,0,96.33,0,0,0.0,,1,1,[],-0.971372,0,0,0.95,0.999963,1,1,0.9857,0,0,-0.999974,0,0,1.0,0.999991,1,1,1.0,0,0,-0.999948,0,0,1.0,0.999958,1,1,1.0,0,0,-0.999975,0,0,1.0,0.999985,1,1,1.0,0,0,-0.999969,0,0,1.0,0.99998,1,1,1.0,0,0,-0.999969,0,0,1.0,0.99998,1,1,1.0,0,0,0,0,-0.268444,-0.879964,0,0
non_hate_video_558,0,139.261,0,0,0.0,,59,0,['Others'],-0.589869,0,0,0.8,0.999801,1,1,0.7952,0,0,-0.504348,0,0,0.8,0.999848,1,1,0.7524,0,0,-0.647475,0,0,0.8,0.99989,1,1,0.8238,0,0,-0.770846,0,0,0.9,0.999841,1,1,0.8857,0,0,-0.444727,0,0,0.75,0.999676,0,2,0.7238,0,0,-0.444727,0,0,0.75,0.999676,0,2,0.7238,0,0,0,0,-0.226877,-0.054031,0,0
non_hate_video_561,0,155.76,0,0,0.0,,382,0,['Jews'],-0.999843,0,0,1.0,0.999946,1,1,1.0,1,0,-0.999919,0,0,1.0,0.999982,1,1,1.0,1,0,-0.885613,0,0,0.95,0.999955,1,1,0.9429,1,0,-0.94278,0,0,0.95,0.999965,1,1,0.9714,1,0,-0.999876,0,0,1.0,0.999958,1,1,1.0,1,0,-0.999876,0,0,1.0,0.999958,1,1,1.0,1,0,1,0,0.18246,-0.128441,0,0
hate_video_388,1,41.856,1,39.0,0.9318,7,124,0,['Jews'],0.580475,1,0,0.8,0.999775,1,1,0.7905,1,1,0.837705,1,0,0.9,0.999828,1,1,0.919,1,1,0.681605,1,0,0.85,0.999337,0,2,0.8429,1,1,0.799638,1,0,0.85,0.999952,1,1,0.9,1,1,0.742748,1,0,0.85,0.999944,1,1,0.8714,1,1,0.742748,1,0,0.85,0.999944,1,1,0.8714,1,1,0,1,-0.108006,0.486833,0,0
hate_video_389,1,210.966,1,26.0,0.1232,1,235,0,"['Jews', 'Whites']",0.60737,1,0,0.85,0.99963,0,2,0.8048,0,1,0.673862,1,0,0.9,0.999494,1,1,0.8381,0,1,0.326886,1,0,0.7,0.999195,0,2,0.6667,0,1,0.521011,1,0,0.85,0.999679,0,2,0.7619,0,1,0.656562,1,0,0.85,0.999884,1,1,0.8286,0,1,0.656562,1,0,0.85,0.999884,1,1,0.8286,0,1,0,1,-0.341803,0.510395,0,0
non_hate_video_571,0,5.991,0,0,0.0,,0,1,['Others'],-0.999964,0,0,1.0,0.999981,1,1,1.0,0,0,-0.999988,0,0,1.0,0.999993,1,1,1.0,0,0,-0.999958,0,0,1.0,0.999969,1,1,1.0,0,0,-0.999986,0,0,1.0,0.999993,1,1,1.0,0,0,-0.999988,0,0,1.0,0.999993,1,1,1.0,0,0,-0.999988,0,0,1.0,0.999993,1,1,1.0,0,0,0,0,-0.648079,-0.922823,0,0
non_hate_video_572,0,87.787,0,0,0.0,,235,0,['Jews'],-0.827958,0,0,0.85,0.999825,1,1,0.9143,0,0,-0.809397,0,0,0.9,0.99995,1,1,0.9048,0,0,-0.856665,0,0,0.85,0.999788,1,1,0.9286,0,0,-0.914054,0,0,0.95,0.999917,1,1,0.9571,0,0,-0.912238,0,0,0.9,0.999865,1,1,0.9571,0,0,-0.912238,0,0,0.9,0.999865,1,1,0.9571,0,0,0,1,-0.410401,0.359875,0,0
non_hate_video_574,0,138.043,0,0,0.0,,323,0,['Others'],-0.999888,0,0,1.0,0.999935,1,1,1.0,0,0,-0.81901,0,0,0.95,0.999976,1,1,0.9095,0,0,-0.818958,0,0,0.9,0.999925,1,1,0.9095,1,0,-0.999942,0,0,1.0,0.999964,1,1,1.0,0,0,-0.999933,0,0,1.0,0.99996,1,1,1.0,0,0,-0.999933,0,0,1.0,0.99996,1,1,1.0,0,0,1,0,0.101151,-0.463796,0,0
hate_video_392,1,165.034,2,64.0,0.3878,3,262,0,['Jews'],0.532284,1,0,0.8,0.999801,1,1,0.7667,0,1,0.589771,1,0,0.8,0.999849,1,1,0.7952,0,1,0.643779,1,0,0.85,0.998675,0,2,0.8238,0,1,0.780439,1,0,0.85,0.999821,1,1,0.8905,0,1,0.914189,1,0,0.95,0.999934,1,1,0.9571,0,1,0.914189,1,0,0.95,0.999934,1,1,0.9571,0,1,0,1,-0.608667,0.682375,0,0
non_hate_video_575,0,217.485,0,0,0.0,,137,0,['Others'],-0.999899,0,0,1.0,0.99992,1,1,1.0,0,0,-0.999962,0,0,1.0,0.999975,1,1,1.0,0,0,-0.999923,0,0,1.0,0.99996,1,1,1.0,0,0,-0.999961,0,0,1.0,0.999972,1,1,1.0,0,0,-0.866622,0,0,0.95,0.999969,1,1,0.9333,0,0,-0.866622,0,0,0.95,0.999969,1,1,0.9333,0,0,0,0,-0.571794,-0.664582,0,0
non_hate_video_577,0,153.32,0,0,0.0,,305,0,['Jews'],-0.999978,0,0,1.0,0.999986,1,1,1.0,0,0,-0.99999,0,0,1.0,0.999994,1,1,1.0,0,0,-0.999967,0,0,1.0,0.999974,1,1,1.0,0,0,-0.999986,0,0,1.0,0.999993,1,1,1.0,0,0,-0.999989,0,0,1.0,0.999994,1,1,1.0,0,0,-0.999989,0,0,1.0,0.999994,1,1,1.0,0,0,1,0,0.000467,-0.677378,0,0
hate_video_394,1,16.196,1,15.0,0.9262,7,34,0,['Jews'],0.6947,1,0,0.9,0.999776,0,2,0.8476,1,1,0.923416,1,0,0.9,0.999844,1,1,0.9619,1,1,0.728654,1,0,0.85,0.997625,1,1,0.8667,1,1,0.647433,1,0,0.85,0.999875,1,1,0.8238,1,1,0.752259,1,0,0.85,0.999933,1,1,0.8762,1,1,0.752259,1,0,0.85,0.999933,1,1,0.8762,1,1,1,1,0.034451,0.45735,0,0
non_hate_video_584,0,21.8,0,0,0.0,,23,0,['Others'],-0.942779,0,0,0.95,0.999952,1,1,0.9714,0,0,-0.999948,0,0,1.0,0.999971,1,1,1.0,0,0,-0.876145,0,0,0.95,0.999963,1,1,0.9381,0,0,-0.99995,0,0,1.0,0.999979,1,1,1.0,0,0,-0.999934,0,0,1.0,0.99998,1,1,1.0,0,0,-0.999934,0,0,1.0,0.99998,1,1,1.0,0,0,0,0,-0.600963,-0.401526,0,0
non_hate_video_586,0,18.055,0,0,0.0,,47,0,['Others'],-0.665904,0,0,0.85,0.999436,1,1,0.8333,0,0,-0.552066,0,0,0.8,0.999857,0,2,0.7762,0,0,-0.647467,0,0,0.8,0.999853,1,1,0.8238,0,0,-0.63742,0,0,0.85,0.999862,1,1,0.819,0,0,-0.787306,0,0,0.9,0.999678,1,1,0.8952,0,0,-0.787306,0,0,0.9,0.999678,1,1,0.8952,0,0,0,1,-0.538128,0.686339,0,0
non_hate_video_590,0,80.648,0,0,0.0,,2,0,['Others'],-0.999966,0,0,1.0,0.999974,1,1,1.0,0,0,-0.999985,0,0,1.0,0.99999,1,1,1.0,0,0,-0.999957,0,0,1.0,0.99997,1,1,1.0,0,0,-0.999977,0,0,1.0,0.999988,1,1,1.0,0,0,-0.999976,0,0,1.0,0.999986,1,1,1.0,0,0,-0.999976,0,0,1.0,0.999986,1,1,1.0,0,0,0,0,-0.684059,-0.924822,0,0
non_hate_video_595,0,22.026,0,0,0.0,,0,1,['Others'],-0.999962,0,0,1.0,0.999972,1,1,1.0,0,0,-0.999985,0,0,1.0,0.999991,1,1,1.0,0,0,-0.999942,0,0,1.0,0.999949,1,1,1.0,0,0,-0.999984,0,0,1.0,0.999988,1,1,1.0,0,0,-0.999979,0,0,1.0,0.999989,1,1,1.0,0,0,-0.999979,0,0,1.0,0.999989,1,1,1.0,0,0,0,0,-0.761202,-0.904802,0,0
hate_video_401,1,21.067,1,21.0,0.9968,7,28,0,['Blacks'],0.999933,1,0,1.0,0.999985,1,1,1.0,1,1,0.761867,1,0,0.9,0.999983,1,1,0.881,1,1,0.99989,1,0,1.0,0.999944,1,1,1.0,1,1,0.876151,1,0,0.95,0.999977,1,1,0.9381,1,1,0.771404,1,0,0.9,0.999988,1,1,0.8857,1,1,0.771404,1,0,0.9,0.999988,1,1,0.8857,1,1,1,1,0.863029,0.861229,0,0
hate_video_408,1,53.011,1,3.0,0.0566,0,143,0,['Jews'],0.169855,1,0,0.55,0.998151,1,1,0.5857,0,1,-0.216929,0,1,0.4,0.999065,0,2,0.3905,0,1,0.49228,1,0,0.75,0.998716,1,1,0.7476,0,1,0.511494,1,0,0.75,0.999653,0,2,0.7571,0,1,0.475069,1,0,0.75,0.99954,0,2,0.7381,1,1,0.475069,1,0,0.75,0.99954,0,2,0.7381,1,1,0,1,-0.460822,0.307515,1,0
hate_video_409,1,190.659,1,47.0,0.2465,1,716,0,['LGBTQ'],0.885322,1,0,0.9,0.999802,1,1,0.9429,1,1,0.77117,1,0,0.9,0.999914,1,1,0.8857,1,1,0.950368,1,0,0.95,0.999448,1,1,0.9762,1,1,0.656971,1,0,0.8,0.999914,1,1,0.8286,1,1,0.780811,1,0,0.9,0.999929,1,1,0.8905,1,1,0.780811,1,0,0.9,0.999929,1,1,0.8905,1,1,1,1,0.116223,0.696487,0,0
hate_video_412,1,206.89,1,198.0,0.957,6,219,0,['Jews'],0.682465,1,0,0.85,0.999015,1,1,0.8429,0,1,0.664586,1,0,0.85,0.999841,0,2,0.8333,0,1,0.265525,1,0,0.7,0.999187,1,1,0.6333,0,1,0.492728,1,0,0.75,0.999822,0,2,0.7476,0,1,0.78072,1,0,0.9,0.999859,0,2,0.8905,0,1,0.78072,1,0,0.9,0.999859,0,2,0.8905,0,1,0,1,-0.018261,0.402771,0,0
non_hate_video_606,0,288.22,0,0,0.0,,669,0,['Others'],-0.999937,0,0,1.0,0.999963,1,1,1.0,0,0,-0.999972,0,0,1.0,0.999984,1,1,1.0,0,0,-0.999941,0,0,1.0,0.999972,1,1,1.0,0,0,-0.999965,0,0,1.0,0.999979,1,1,1.0,0,0,-0.999977,0,0,1.0,0.999983,1,1,1.0,0,0,-0.999977,0,0,1.0,0.999983,1,1,1.0,0,0,0,0,-0.411988,-0.767048,0,0
non_hate_video_608,0,211.396,0,0,0.0,,498,0,['Muslims'],-0.999975,0,0,1.0,0.999984,1,1,1.0,0,0,-0.99999,0,0,1.0,0.999993,1,1,1.0,0,0,-0.999955,0,0,1.0,0.999972,1,1,1.0,0,0,-0.99999,0,0,1.0,0.999993,1,1,1.0,0,0,-0.99999,0,0,1.0,0.999993,1,1,1.0,0,0,-0.99999,0,0,1.0,0.999993,1,1,1.0,0,0,0,0,-0.577403,-0.882663,0,0
non_hate_video_610,0,134.527,0,0,0.0,,222,0,['Jews'],-0.999981,0,0,1.0,0.999987,1,1,1.0,0,0,-0.999992,0,0,1.0,0.999995,1,1,1.0,0,0,-0.999971,0,0,1.0,0.999978,1,1,1.0,0,0,-0.999992,0,0,1.0,0.999995,1,1,1.0,0,0,-0.999994,0,0,1.0,0.999997,1,1,1.0,0,0,-0.999994,0,0,1.0,0.999997,1,1,1.0,0,0,0,0,-0.550772,-0.815626,0,0
non_hate_video_612,0,67.825,0,0,0.0,,140,0,['Others'],-0.999971,0,0,1.0,0.999981,1,1,1.0,1,0,-0.99999,0,0,1.0,0.999995,1,1,1.0,1,0,-0.999954,0,0,1.0,0.999967,1,1,1.0,1,0,-0.999988,0,0,1.0,0.999991,1,1,1.0,1,0,-0.999992,0,0,1.0,0.999996,1,1,1.0,1,0,-0.999992,0,0,1.0,0.999996,1,1,1.0,1,0,1,0,0.490485,-0.854074,0,0
non_hate_video_618,0,108.694,0,0,0.0,,233,0,['Jews'],-0.999962,0,0,1.0,0.99997,1,1,1.0,0,0,-0.999987,0,0,1.0,0.999992,1,1,1.0,0,0,-0.999942,0,0,1.0,0.999954,1,1,1.0,0,0,-0.999986,0,0,1.0,0.999989,1,1,1.0,0,0,-0.999987,0,0,1.0,0.999993,1,1,1.0,0,0,-0.999987,0,0,1.0,0.999993,1,1,1.0,0,0,0,0,-0.488305,-0.559677,0,0
hate_video_421,1,46.337,1,45.0,0.9711,6,91,0,['Jews'],0.376612,1,0,0.7,0.997794,1,1,0.6905,0,1,0.5692,1,0,0.75,0.999519,1,1,0.7857,0,1,0.304303,1,0,0.6,0.999112,1,1,0.6524,0,0,0.405972,1,0,0.75,0.999824,1,1,0.7048,0,1,0.885212,1,0,0.95,0.999894,1,1,0.9429,0,1,0.885212,1,0,0.95,0.999894,1,1,0.9429,0,1,0,1,-0.33762,0.752246,0,0
non_hate_video_623,0,221.068,0,0,0.0,,518,0,['Others'],-0.999918,0,0,1.0,0.999965,1,1,1.0,0,0,-0.99996,0,0,1.0,0.99998,1,1,1.0,0,0,-0.885644,0,0,0.95,0.999957,1,1,0.9429,0,0,-0.999965,0,0,1.0,0.999989,1,1,1.0,0,0,-0.999957,0,0,1.0,0.999979,1,1,1.0,0,0,-0.999957,0,0,1.0,0.999979,1,1,1.0,0,0,0,0,-0.5109,-0.570417,0,0
non_hate_video_624,0,65.5,0,0,0.0,,0,1,['Others'],-0.475403,0,0,0.8,0.999601,0,2,0.7381,1,0,-0.447058,0,0,0.8,0.999812,0,3,0.7238,1,0,-0.51412,0,0,0.8,0.999811,1,1,0.7571,1,0,-0.561588,0,0,0.8,0.999883,0,2,0.781,1,0,-0.675444,0,0,0.9,0.999822,1,1,0.8381,1,0,-0.675444,0,0,0.9,0.999822,1,1,0.8381,1,0,0,0,-0.071766,-0.521878,0,0
non_hate_video_634,0,208.005,0,0,0.0,,490,0,['Blacks'],-0.770986,0,0,0.85,0.999593,1,1,0.8857,0,0,-0.875987,0,0,0.85,0.999939,1,1,0.9381,0,0,-0.514147,0,0,0.75,0.999829,1,1,0.7571,1,0,-0.752273,0,0,0.85,0.999912,1,1,0.8762,0,0,-0.694922,0,0,0.85,0.999799,1,1,0.8476,0,0,-0.694922,0,0,0.85,0.999799,1,1,0.8476,0,0,0,1,-0.092441,0.27282,0,0
hate_video_427,1,101.24,0,0,0.0,,214,0,['Jews'],-0.579796,0,1,0.2,0.99943,0,2,0.2095,1,0,-0.637523,0,1,0.2,0.999672,0,6,0.181,1,0,0.066722,1,0,0.45,0.999814,1,1,0.5333,1,0,-0.818048,0,1,0.1,0.999855,0,4,0.0905,1,0,-0.492672,0,1,0.35,0.999405,0,4,0.2524,1,0,-0.492672,0,1,0.35,0.999405,0,4,0.2524,1,0,1,1,0.089685,0.115614,3,2
non_hate_video_638,0,116.077,0,0,0.0,,0,1,['Others'],-0.999971,0,0,1.0,0.99998,1,1,1.0,0,0,-0.999985,0,0,1.0,0.999993,1,1,1.0,0,0,-0.99997,0,0,1.0,0.99999,1,1,1.0,0,0,-0.999984,0,0,1.0,0.999992,1,1,1.0,0,0,-0.999988,0,0,1.0,0.999993,1,1,1.0,0,0,-0.999988,0,0,1.0,0.999993,1,1,1.0,0,0,0,0,-0.708494,-0.964092,0,0
non_hate_video_641,0,115.394,0,0,0.0,,196,0,['Others'],-0.999934,0,0,1.0,0.999961,1,1,1.0,0,0,-0.999972,0,0,1.0,0.999988,1,1,1.0,0,0,-0.999914,0,0,1.0,0.999944,1,1,1.0,0,0,-0.999966,0,0,1.0,0.999986,1,1,1.0,0,0,-0.999959,0,0,1.0,0.999983,1,1,1.0,0,0,-0.999959,0,0,1.0,0.999983,1,1,1.0,0,0,0,0,-0.458242,-0.537769,0,0
hate_video_428,1,226.634,1,225.0,0.9928,7,545,0,['Others'],0.589999,1,0,0.8,0.999726,1,1,0.7952,1,1,0.685094,1,0,0.9,0.999822,1,1,0.8429,0,1,0.635565,1,0,0.85,0.999195,1,1,0.819,1,1,0.808637,1,0,0.95,0.999901,0,2,0.9048,1,1,0.380802,1,0,0.8,0.999922,0,2,0.6905,0,1,0.380802,1,0,0.8,0.999922,0,2,0.6905,0,1,0,1,-0.159729,0.245317,0,0
non_hate_video_642,0,263.434,0,0,0.0,,232,0,['Whites'],0.260779,1,1,0.35,0.997294,0,2,0.3667,1,1,0.31443,1,1,0.3,0.997921,0,2,0.3381,1,1,0.009663,1,1,0.5,0.999653,0,2,0.4952,1,1,0.485141,1,1,0.35,0.999832,0,2,0.2571,1,1,0.513381,1,1,0.3,0.999813,0,4,0.2429,1,1,0.513381,1,1,0.3,0.999813,0,4,0.2429,1,1,0,1,-0.04337,0.551087,3,3
